USE sistema_arrendamientos;

CREATE TABLE `configuracion` (
    `clave` varchar(50) NOT NULL,
    `valor` varchar(255) NOT NULL,
    PRIMARY KEY (`clave`)
) ENGINE=InnoDB DEFAULT CHARSET=utf8mb4 COLLATE=utf8mb4_0900_ai_ci;

CREATE TABLE `job_config` (
    `job_id` varchar(50) NOT NULL,
    `hour` int DEFAULT NULL,
    `minute` int DEFAULT NULL,
    `day` int DEFAULT NULL,
    `active` tinyint(1) NOT NULL,
    PRIMARY KEY (`job_id`)
) ENGINE=InnoDB DEFAULT CHARSET=utf8mb4 COLLATE=utf8mb4_0900_ai_ci;

CREATE TABLE `usuario` (
    `id` int NOT NULL AUTO_INCREMENT,
    `nombre` varchar(75) NOT NULL,
    `apellido` varchar(75) NOT NULL,
    `contrasena` varchar(255) NOT NULL,
    `mail` varchar(255) DEFAULT NULL,
    `cuil` varchar(20) NOT NULL,
    `rol` enum('ADMINISTRADOR','OPERADOR','CONSULTA') NOT NULL,
    PRIMARY KEY (`id`),
    UNIQUE KEY `cuil` (`cuil`)
) ENGINE=InnoDB AUTO_INCREMENT=7 DEFAULT CHARSET=utf8mb4 COLLATE=utf8mb4_0900_ai_ci;

CREATE TABLE `provincia` (
    `id` int NOT NULL AUTO_INCREMENT,
    `nombre_provincia` varchar(255) NOT NULL,
    PRIMARY KEY (`id`),
    UNIQUE KEY `nombre_provincia` (`nombre_provincia`)
) ENGINE=InnoDB AUTO_INCREMENT=25 DEFAULT CHARSET=utf8mb4 COLLATE=utf8mb4_0900_ai_ci;

CREATE TABLE `localidad` (
    `id` int NOT NULL AUTO_INCREMENT,
    `nombre_localidad` varchar(255) NOT NULL,
    `provincia_id` int NOT NULL,
    PRIMARY KEY (`id`),
    UNIQUE KEY `uq_localidad_provincia_id` (`nombre_localidad`,`provincia_id`),
    KEY `provincia_id` (`provincia_id`),
    CONSTRAINT `localidad_ibfk_1` FOREIGN KEY (`provincia_id`) REFERENCES `provincia` (`id`)
) ENGINE=InnoDB AUTO_INCREMENT=4203 DEFAULT CHARSET=utf8mb4 COLLATE=utf8mb4_0900_ai_ci;

CREATE TABLE `precio` (
    `id` int NOT NULL AUTO_INCREMENT,
    `fecha_precio` date NOT NULL,
    `precio_obtenido` decimal(12,2) NOT NULL,
    `origen` enum('BCR','AGD','LOCAL') NOT NULL,
    PRIMARY KEY (`id`),
    KEY `uq_fecha_origen` (`fecha_precio`,`origen`)
) ENGINE=InnoDB AUTO_INCREMENT=103 DEFAULT CHARSET=utf8mb4 COLLATE=utf8mb4_0900_ai_ci;

INSERT INTO `configuracion` VALUES ('DESTINATARIO_1','patogaggiotti@gmail.com'),('DESTINATARIO_2','ginogaggiottibussi@hotmail.com'),('MINIMO_IMPONIBLE','11200.00');
INSERT INTO `job_config` VALUES ('actualizar_arrendamientos_vencidos',9,32,NULL,1),('actualizar_pagos_vencidos',9,30,NULL,1),('actualizar_precios_pagos_mensuales',12,35,1,1),('actualizar_precios_pagos10a15',11,15,16,1),('enviar_reporte_pagos_mes_anterior',11,0,4,1),('enviar_reportes_pagos_pendientes_mes',11,11,1,1),('precio_diario_bcr',11,0,NULL,1);
INSERT INTO `usuario` VALUES (1,'BotAGD','NoEliminar','$2b$12$4cwYlr87ng5sIvUasoziiuyi.JeDaOW1NRtzNsMhteVrbTXx2hf6e','ogaggiotti@gmail.com','27221028940','OPERADOR'),(3,'Patricio','Gaggiotti','$2b$12$QWZXBFtcl46pQZnuoaq0.OL9JkZhT.GQ8jXEZ0XiuRHKgNrVqQNAu','a@gmail.com','20443072684','ADMINISTRADOR'),(6,'userlectura','a','$2b$12$6DBEYWP7jskH6SzWad4hvunYcMzVfEH2J.fwm6M3SYHGSQMl6c72m',NULL,'20062466872','CONSULTA');
INSERT INTO `provincia` VALUES (2,'Buenos Aires'),(3,'Catamarca'),(4,'Chaco'),(5,'Chubut'),(24,'Ciudad Autónoma de Buenos Aires'),(6,'Córdoba'),(7,'Corrientes'),(8,'Entre Ríos'),(9,'Formosa'),(10,'Jujuy'),(11,'La Pampa'),(12,'La Rioja'),(13,'Mendoza'),(14,'Misiones'),(15,'Neuquén'),(16,'Río Negro'),(17,'Salta'),(18,'San Juan'),(19,'San Luis'),(20,'Santa Cruz'),(1,'Santa Fe'),(21,'Santiago del Estero'),(22,'Tierra del Fuego'),(23,'Tucumán');
INSERT INTO `localidad` VALUES (1366,'1° de Agosto',6),(2535,'10ma Sección',13),(330,'11 de Septiembre',2),(2536,'11va Sección',13),(693,'12 de Octubre',2),(382,'16 de Julio',2),(754,'17 de Agosto',2),(2102,'1º de Mayo',8),(2748,'1º de Mayo',14),(2527,'1ra Sección',13),(163,'20 de Junio',2),(883,'25 de Mayo',2),(2397,'25 de Mayo',11),(2709,'25 de Mayo',13),(2873,'25 de Mayo',14),(1263,'28 de Julio',5),(3413,'28 de Noviembre',20),(2528,'2da Sección',13),(2590,'3 de Mayo',13),(858,'30 de Agosto',2),(2529,'3ra Sección',13),(2530,'4ta Sección',13),(3310,'5ta Brigada',19),(2531,'5ta Sección',13),(2532,'6ta Sección',13),(2533,'7ma Sección',13),(2537,'8va Sección',13),(71,'9 de Abril',2),(701,'9 de Julio',2),(1929,'9 de Julio',7),(3268,'9 de Julio',18),(2774,'9 de Julio Kilómetro 20',14),(2773,'9 de Julio Kilómetro 28',14),(2534,'9na Sección',13),(3533,'Aarón Castellanos',1),(173,'Abasto',2),(675,'Abbott',2),(3836,'Abra Grande',21),(2196,'Abra Pampa',10),(2197,'Abralaite',10),(2378,'Abramo',11),(291,'Acasusso',2),(1208,'Acceso Norte',5),(3671,'Acébal',1),(732,'Acevedo',2),(4060,'Acheral',23),(1597,'Achiras',6),(949,'Aconquija',3),(3207,'Acoyte',17),(1598,'Adelia María',6),(361,'Adolfo Gonzales Chaves',2),(2411,'Adolfo Van Praet',11),(4,'Adrogué',2),(3923,'Aerolito',21),(76,'Aeropuerto Internacional Ezeiza',2),(2632,'Agrelo',13),(924,'Agronomía',2),(1325,'Agronomía',24),(2198,'Agua de Castilla',10),(1422,'Agua de Oro',6),(2653,'Agua Escondida',13),(3074,'Aguada Cecilio',16),(3077,'Aguada de Guerra',16),(2977,'Aguada Guzmán',16),(2881,'Aguada San Roque',15),(3703,'Aguará Grande',1),(3133,'Aguaray',17),(3176,'Aguas Blancas',17),(2182,'Aguas Calientes',10),(145,'Aguas Verdes',2),(3998,'Aguilares',23),(874,'Agustín Mosconi',2),(599,'Agustín Roca',2),(600,'Agustina',2),(2391,'Agustoni',11),(2471,'Aicuñá',12),(2434,'Aimogasta',12),(2868,'Alba Posse',14),(3666,'Albarellos',1),(620,'Alberdi Viejo',2),(365,'Alberti',2),(2033,'Alcaraz',8),(1599,'Alcira Gigena',6),(3500,'Alcorta',1),(3489,'Aldao',1),(1283,'Aldea Apeleg',5),(2012,'Aldea Asunción',8),(1284,'Aldea Beleiro',5),(1976,'Aldea Brasilera',8),(1269,'Aldea Epulef',5),(1253,'Aldea Escolar (Los Rápidos)',5),(1977,'Aldea Grapschental',8),(2050,'Aldea María Luisa',8),(1978,'Aldea Protestante',8),(1979,'Aldea Salto',8),(2017,'Aldea San Antonio',8),(1980,'Aldea San Francisco',8),(2005,'Aldea San Isidro (El Cimarrón)',8),(2018,'Aldea San Juan',8),(2052,'Aldea San Rafael',8),(1832,'Aldea Santa María',6),(2053,'Aldea Santa María',8),(2054,'Aldea Santa Rosa',8),(1981,'Aldea Spatzenkutter',8),(1982,'Aldea Valle María',8),(3982,'Alderetes',23),(152,'Aldo Bonzi',2),(3720,'Alejandra',1),(307,'Alejandro Korn',2),(433,'Alejandro Petión',2),(1505,'Alejandro Roca',6),(1521,'Alejo Ledesma',6),(691,'Alfredo Demarchi',2),(2370,'Algarrobo del Águila',11),(3918,'Alhuampa',21),(1716,'Alicia',6),(2874,'Alicia Alta',14),(2869,'Alicia Baja',14),(1095,'Alijilán',3),(2992,'Allen',16),(1367,'Allmirante Brown',6),(1794,'Almafuerte',6),(2799,'Almafuerte',14),(942,'Almagro',2),(1343,'Almagro',24),(372,'Almirante Brown',2),(1600,'Alpa Corral',6),(2373,'Alpachiri',11),(4025,'Alpachiri',23),(2452,'Alpasinche',12),(1761,'Alta Gracia',6),(2412,'Alta Italia',11),(422,'Altamirano',2),(2085,'Altamirano Sur',8),(1833,'Alto Alegre',6),(2491,'Alto Carrizal',12),(3184,'Alto de la Sierra',17),(950,'Alto de las Juntas',3),(1446,'Alto de los Quebrachos',6),(3266,'Alto de Sierra',18),(3378,'Alto Pelado',19),(3391,'Alto Pencoso',19),(1374,'Alto Resbaloso - El Barrial',6),(1285,'Alto Río Senguer',5),(2671,'Alto Verde',13),(4027,'Alto Verde',23),(1717,'Altos de Chipión',6),(2878,'Aluminé',15),(3662,'Álvarez',1),(799,'Álvarez de Toledo',2),(762,'Alvarez Jonte',2),(3663,'Alvear',1),(1878,'Alvear',7),(1064,'Amadores',3),(4077,'Amaicha del Valle',23),(2520,'Amaná',12),(1000,'Amanao',3),(2513,'Ambil',12),(1389,'Amboy',6),(3701,'Ambrosetti',1),(1689,'Ambul',6),(3530,'Amenábar',1),(774,'América',2),(2461,'Aminga',12),(3162,'Ampascachi',17),(2443,'Amuschina',12),(1834,'Ana Zumarán',6),(3894,'Añatuya',21),(3872,'Ancaján',21),(996,'Ancasti',3),(3357,'Anchorena',19),(2908,'Andacollo',15),(1001,'Andalgalá',3),(1082,'Andalhualá',3),(509,'Andant',2),(2444,'Andolucas',12),(2656,'Andrade',13),(2882,'Añelo',15),(3206,'Angastaco',17),(174,'Ángel Etcheverry',2),(3603,'Angel Gallardo',1),(3490,'Angélica',1),(3755,'Angeloni',1),(3249,'Angualasto',18),(2349,'Anguil',11),(2440,'Anguinán',12),(2489,'Angulos',12),(1102,'Anillaco',3),(2462,'Anillaco',12),(3205,'Animaná',17),(1762,'Anisacate',6),(2463,'Anjullón',12),(997,'Anquincila',3),(3840,'Antajé',21),(2109,'Antelo',8),(3197,'Antillá',17),(2492,'Antinaco',12),(1007,'Antofagasta de la Sierra',3),(643,'Antonio Carboni',2),(2347,'Anzoátegui',11),(471,'Aparicio',2),(2233,'Aparzo',10),(3097,'Apolinario Saravia',17),(2744,'Apóstoles',14),(175,'Arana',2),(2042,'Aranguren',8),(2422,'Arata',11),(3661,'Arbilla',1),(510,'Arboledas',2),(4024,'Arcadia',23),(3839,'Ardiles',21),(214,'Área de Promoción El Triángulo',2),(19,'Área Reserva Cinturón Ecológico',2),(637,'Arenas Verdes',2),(626,'Arenaza',2),(3438,'Arequito',1),(3816,'Argentina',21),(887,'Argerich',2),(1522,'Arias',6),(378,'Ariel',2),(2745,'Aristóbulo del Valle',14),(3367,'Arizona',19),(3668,'Arminda',1),(3435,'Armstrong',1),(3733,'Arocena',1),(3972,'Árraga',21),(2271,'Arrayanal',10),(396,'Arrecifes',2),(533,'Arribeños',2),(1718,'Arroyito',6),(2887,'Arroyito',15),(3610,'Arroyo Aguiar',1),(1477,'Arroyo Algodón',6),(1951,'Arroyo Barú',8),(1478,'Arroyo Cabral',6),(3562,'Arroyo Ceibal',1),(2272,'Arroyo Colorado',10),(792,'Arroyo Corto',2),(519,'Arroyo de la Cruz',2),(2807,'Arroyo del Medio',14),(803,'Arroyo Dulce',2),(3430,'Arroyo Leyes',1),(3070,'Arroyo Los Berros',16),(1690,'Arroyo Los Patos',6),(1390,'Arroyo San Antonio',6),(3657,'Arroyo Seco',1),(590,'Arroyo Venado',2),(3072,'Arroyo Ventana',16),(1229,'Arroyo Verde',5),(3712,'Arrufo',1),(3446,'Arteaga',1),(176,'Arturo Seguí',2),(534,'Ascensión',2),(1423,'Ascochinga',6),(1506,'Assunta',6),(3302,'Astica',18),(1246,'Astra',5),(1627,'Atahona',6),(4071,'Atahona',23),(653,'Atalaya',2),(3459,'Ataliva',1),(2426,'Ataliva Roca',11),(225,'Atlántida',2),(3492,'Aurelia',1),(1479,'Ausonia',6),(3558,'Avellaneda',1),(20,'Avellaneda',2),(1495,'Avellaneda',6),(3890,'Averías',21),(1156,'Avia Terai',4),(374,'Ayacucho',2),(2737,'Azara',14),(811,'Azcuénaga',2),(751,'Azopardo',2),(379,'Azul',2),(3366,'Bagual',19),(23,'Bahía Blanca',2),(1247,'Bahía Bustamante',5),(2943,'Bahía Creek',16),(713,'Bahía San Blas',2),(573,'Baigorrita',2),(2927,'Bajada del Agrio',15),(3423,'Bajo Caracoles',20),(2493,'Bajo Carrizal',12),(468,'Bajo Hondo',2),(386,'Balcarce',2),(3390,'Balde',19),(3301,'Balde del Rosario',18),(1835,'Ballesteros',6),(1836,'Ballesteros Sud',6),(1719,'Balnearia',6),(3706,'Balneario La Verde',1),(601,'Balneario Laguna de Gómez',2),(3734,'Balneario Monje',1),(861,'Balneario Orense',2),(469,'Balneario Pehuen Co',2),(821,'Balneario San Cayetano',2),(678,'Balneario Sauce Grande',2),(909,'Balvanera',2),(1310,'Balvanera',24),(2457,'Bañado de los Pantanos',12),(1096,'Bañado de Ovanta',3),(1447,'Bañado de Soto',6),(2244,'Bananal',10),(2136,'Banco Payaguá',9),(3989,'Banda del Río Salí',23),(2438,'Banda Florida',12),(3850,'Bandera',21),(3880,'Bandera Bajada',21),(578,'Banderaló',2),(199,'Banfield',2),(392,'Baradero',2),(2321,'Bárcena',10),(3017,'Barda del Medio',16),(2823,'Bario Ita',14),(399,'Barker',2),(2766,'Barra Concepción',14),(922,'Barracas',2),(1323,'Barracas',24),(1010,'Barranca Larga',3),(3741,'Barrancas',1),(2644,'Barrancas',13),(2920,'Barrancas',15),(1186,'Barranqueras',4),(3238,'Barreal - Villa Pituil',18),(2720,'Barrio 12 de Octubre',13),(1223,'Barrio 25 de Mayo',5),(3984,'Barrio Aeropuerto',23),(2617,'Barrio Alto del Olvido',13),(274,'Barrio América Unida',2),(3996,'Barrio Araujo',23),(3510,'Barrio Arroyo del Medio',1),(38,'Barrio Banco Provincia',2),(2728,'Barrio Belgrano Norte',13),(2999,'Barrio Blanco',16),(3739,'Barrio Caima',1),(1209,'Barrio Caleta Córdova',5),(3020,'Barrio Calle Ciega Nº 10',16),(3000,'Barrio Calle Ciega Nº 6',16),(3018,'Barrio Canale',16),(2672,'Barrio Carrasco',13),(1211,'Barrio Castelli',5),(3019,'Barrio Chacra Monte',16),(2679,'Barrio Chivilcoy',13),(3590,'Barrio Cicarelli',1),(1212,'Barrio Ciudadela',5),(100,'Barrio Colinas Verdes',2),(2971,'Barrio Colonia Conesa',16),(2657,'Barrio Cooperativa Los Campamentos',13),(2991,'Barrio Costa Este',16),(3001,'Barrio Costa Oeste',16),(2821,'Barrio Cuatro Bocas',14),(1181,'Barrio de los Pescadores',4),(2761,'Barrio del Lago',14),(2996,'Barrio Destacamento',16),(39,'Barrio El Carmen Este',2),(177,'Barrio El Carmen Oeste',2),(99,'Barrio El Casal',2),(2673,'Barrio El Cepillo',13),(101,'Barrio El Coyunco',2),(2989,'Barrio El Labrador',16),(3002,'Barrio El Maruchito',16),(2212,'Barrio El Milagro',10),(2692,'Barrio El Nevado',13),(3737,'Barrio El Pacaá - Barrio Comipini',1),(3021,'Barrio El Petróleo',16),(434,'Barrio El Taladro',2),(2691,'Barrio Emanuel',13),(3022,'Barrio Emergente',16),(2693,'Barrio Empleados de Comercio',13),(2844,'Barrio Escuela 461',14),(2832,'Barrio Escuela 633',14),(3048,'Barrio Esperanza',16),(2990,'Barrio Fátima',16),(3118,'Barrio Finca La Maroma',17),(3003,'Barrio Frontera',16),(102,'Barrio Gambier',2),(1213,'Barrio Gasoducto',5),(1379,'Barrio Gilbert',6),(1763,'Barrio Gilbert (1º de Mayo) - Tejas Tres',6),(2822,'Barrio Guatambu',14),(1214,'Barrio Güemes',5),(2983,'Barrio Guerrico',16),(2694,'Barrio Intendencia',13),(3007,'Barrio Isla 10',16),(2645,'Barrio Jesús de Nazaret',13),(2618,'Barrio Jocolí II',13),(93,'Barrio Kennedy',2),(3025,'Barrio La Barda',16),(3023,'Barrio La Costa',16),(3024,'Barrio La Defensa',16),(2680,'Barrio La Estación',13),(103,'Barrio La Gloria',2),(2988,'Barrio La Herradura',16),(2942,'Barrio La Lor',16),(2619,'Barrio La Palmera',13),(2620,'Barrio La Pega',13),(3120,'Barrio La Rotonda',17),(2213,'Barrio La Unión',10),(2631,'Barrio Lagunas de Bartoluzzi',13),(1215,'Barrio Laprida',5),(206,'Barrio Las Casuarinas',2),(423,'Barrio Las Golondrinas',2),(178,'Barrio Las Malvinas',2),(285,'Barrio Las Margaritas',2),(179,'Barrio Las Quintas',2),(231,'Barrio Lisandro de la Torre y Santa Marta',2),(424,'Barrio Los Bosquecitos',2),(2681,'Barrio Los Charabones',13),(2621,'Barrio Los Jarilleros',13),(2622,'Barrio Los Olivos',13),(432,'Barrio Los Pioneros (Barrio Tavella)',2),(2997,'Barrio Luisillo',16),(1216,'Barrio Manantial Rosales',5),(2986,'Barrio Mar del Plata',16),(2715,'Barrio María Auxiliadora',13),(3005,'Barrio María Elvira',16),(1217,'Barrio Militar y Aeropuerto',5),(3496,'Barrio Mitre',1),(2716,'Barrio Molina Cabrera',13),(2995,'Barrio Moño Azul',16),(105,'Barrio Morabo',2),(3275,'Barrio Municipal',18),(4079,'Barrio Mutual San Martín',23),(2987,'Barrio Norte',16),(2682,'Barrio Ntra. Sra. De Fátima',13),(110,'Barrio Parque General San Martín',2),(425,'Barrio Parque Las Acacias',2),(2633,'Barrio Perdriel IV',13),(3006,'Barrio Pinar',16),(2941,'Barrio Pino Azul',16),(2970,'Barrio Planta Compresora de Gas',16),(3026,'Barrio Porvenir',16),(2939,'Barrio Presidente Perón',16),(1218,'Barrio Próspero Palazzo',5),(1219,'Barrio Restinga Alí',5),(555,'Barrio Río Salado',2),(2658,'Barrio Rivadavia',13),(1220,'Barrio Rodríguez Peña',5),(2738,'Barrio Rural',14),(106,'Barrio Ruta 24 Kilómetro 10',2),(3270,'Barrio Ruta 40',18),(348,'Barrio Saavedra',2),(1221,'Barrio Saavedra',5),(3283,'Barrio Sadop - Bella Vista',18),(54,'Barrio San Cayetano',2),(2721,'Barrio San Cayetano',13),(4050,'Barrio San Felipe',23),(4009,'Barrio San Jorge',23),(3008,'Barrio Santa Lucia',16),(564,'Barrio Santa Paula',2),(2994,'Barrio Santa Rita',16),(3121,'Barrio Santa Teresita',17),(1222,'Barrio Sarmiento',5),(2858,'Barrio Tungoil',14),(2953,'Barrio Unión',16),(40,'Barrio Universitario',2),(1382,'Barrio Villa del Parque',6),(1224,'Barrio Villa S.U.P.E.',5),(2623,'Barrio Virgen del Rosario',13),(2334,'Barrios',10),(3491,'Barrios Acapulco y Veracruz',1),(2119,'Bartolomé de las Casas',9),(1187,'Basail',4),(2095,'Basavilbaso',8),(565,'Batán',2),(3365,'Batavia',19),(3488,'Bauer y Sigel',1),(627,'Bayauca',2),(3389,'Beazley',19),(292,'Béccar',2),(1011,'Belén',3),(60,'Belén de Escobar',2),(917,'Belgrano',2),(1318,'Belgrano',24),(1837,'Bell Ville',6),(3460,'Bella Italia',1),(297,'Bella Vista',2),(1862,'Bella Vista',7),(4043,'Bella Vista',23),(442,'Bellocq',2),(3938,'Beltrán',21),(310,'Benavídez',2),(1507,'Bengolea',6),(400,'Benito Juárez',2),(1940,'Benito Legerén',8),(1838,'Benjamín Gould',6),(3439,'Beravebú',1),(28,'Berazategui',2),(29,'Berazategui Oeste',2),(804,'Berdier',2),(41,'Berisso',2),(2245,'Bermejito',10),(2526,'Bermejo',13),(3240,'Bermejo',18),(628,'Bermúdez',2),(3577,'Berna',1),(276,'Bernal',2),(277,'Bernal Oeste',2),(3732,'Bernardo de Irigoyen',1),(2790,'Bernardo de Irigoyen',14),(2365,'Bernardo Larroude',11),(2377,'Bernasconi',11),(1863,'Berón de Astrada',7),(1601,'Berrotarán',6),(855,'Berutti',2),(2043,'Betbeder',8),(1372,'Bialet Massé',6),(3450,'Bigand',1),(111,'Billinghurst',2),(2608,'Blanco Encalada',13),(1264,'Blancuntre',5),(524,'Blaquier',2),(931,'Boca',2),(1332,'Boca',24),(729,'Bocayuva',2),(903,'Boedo',2),(1304,'Boedo',24),(3505,'Bombal',1),(1910,'Bonpland',7),(2754,'Bonpland',14),(752,'Bordenave',2),(82,'Bosques',2),(293,'Boulogne Sur Mer',2),(3432,'Bouquet',1),(1764,'Bouwer',6),(2034,'Bovril',8),(2587,'Bowen',13),(413,'Bragado',2),(3965,'Brea Pozo',21),(1720,'Brinkmann',6),(1290,'Buen Pasto',5),(3358,'Buena Esperanza',19),(2543,'Buena Nueva',13),(947,'Buena Vista',3),(2161,'Buena Vista',9),(1234,'Buenos Aires Chico',5),(1602,'Bulnes',6),(5,'Burzaco',2),(3591,'Bustinza',1),(2921,'Buta Ranquil',15),(2800,'Caá - Yarí',14),(3615,'Cabal',1),(1569,'Cabalango',6),(906,'Caballito',2),(1307,'Caballito',24),(384,'Cabildo',2),(3158,'Cabra Corral',17),(2783,'Caburei',14),(380,'Cacharí',2),(2634,'Cacheuta',13),(3109,'Cachi',17),(2419,'Cachirulo',11),(3717,'Cacique Ariacaiquín',1),(443,'Cadret',2),(3110,'Cafayate',17),(3535,'Cafferata',1),(2246,'Caimancito',10),(1962,'Calabacilla',8),(3807,'Calchaquí',1),(1667,'Calchín',6),(1668,'Calchín Oeste',6),(1210,'Caleta Olivares',5),(3409,'Caleta Olivia',20),(2405,'Caleufú',11),(2243,'Calilegua',10),(3236,'Calingasta',18),(1251,'Camarones',5),(95,'Camet',2),(226,'Camet Norte',2),(1523,'Camilo Aldao',6),(1790,'Caminiaga',6),(2494,'Campanas',12),(3130,'Campichuelo',17),(3600,'Campo Andino',1),(4031,'Campo de Herrera',23),(298,'Campo de Mayo',2),(3134,'Campo Durán',17),(3822,'Campo Gallo',21),(2746,'Campo Grande',14),(3213,'Campo La Cruz',17),(1157,'Campo Largo',4),(2722,'Campo Los Andes',13),(3203,'Campo Quijano',17),(2833,'Campo Ramón',14),(3124,'Campo Santo',17),(2834,'Campo Viera',14),(305,'Campos Salles',2),(3585,'Cañada de Gómez',1),(1812,'Cañada de Luque',6),(1628,'Cañada de Machado',6),(1496,'Cañada de Río Pinto',6),(1391,'Cañada del Sauce',6),(3529,'Cañada del Ucle',1),(3834,'Cañada Escobar',21),(3288,'Cañada Honda',18),(3811,'Cañada Ombú',1),(3501,'Cañada Rica',1),(3790,'Cañada Rosquín',1),(579,'Cañada Seca',2),(3056,'Cañadón Chileno',16),(3403,'Cañadón Seco',20),(1839,'Canals',6),(2750,'Candelaria',14),(3320,'Candelaria',19),(1811,'Candelaria Sur',6),(3614,'Candioti',1),(2335,'Cangrejillos',10),(67,'Canning',2),(435,'Cañuelas',2),(1025,'Capayán',3),(2556,'Capdevila',13),(3135,'Capiazuti',17),(1629,'Capilla de los Remedios',6),(1813,'Capilla de Sitón',6),(1669,'Capilla del Carmen',6),(1570,'Capilla del Monte',6),(2544,'Capilla del Rosario',13),(2808,'Capioví',14),(2820,'Capioviciño',14),(3770,'Capitán Bermúdez',1),(4055,'Capitán Cáceres',23),(720,'Capitán Castro',2),(1524,'Capitán General Bernardo O\'Higgins',6),(3188,'Capitán Juan Pagé',17),(2695,'Capitán Montoya',13),(440,'Capitán Sarmiento',2),(1194,'Capitán Solari',4),(3690,'Capivara',1),(2830,'Caraguatay',14),(2253,'Carahunco',10),(337,'Carapachay',2),(3132,'Carboncito',17),(3776,'Carcarañá',1),(714,'Cardenal Cagliero',2),(352,'Carhué',2),(270,'Cariló',2),(789,'Carlos Beguerie',2),(444,'Carlos Casares',2),(649,'Carlos Keen',2),(692,'Carlos María Naón',2),(3797,'Carlos Pellegrini',1),(629,'Carlos Salas',2),(78,'Carlos Spegazzini',2),(453,'Carlos Tejedor',2),(30,'Carlos Tomás Sourigues',2),(3543,'Carmen',1),(458,'Carmen de Areco',2),(715,'Carmen de Patagones',2),(3665,'Carmen del Sauce',1),(2588,'Carmensa',13),(1508,'Carnerillo',6),(1884,'Carolina',7),(3328,'Carolina',19),(3272,'Carpintería',18),(3370,'Carpintería',19),(1270,'Carrenleufú',5),(3534,'Carreras',1),(1670,'Carrilobo',6),(3589,'Carrizales',1),(2386,'Carro Quemado',11),(2567,'Carrodilla',13),(2257,'Casa Colorada',10),(967,'Casa de Piedra',3),(2396,'Casa de Piedra',11),(1571,'Casa Grande',6),(2199,'Casabindo',10),(3743,'Casalegno',1),(746,'Casalins',2),(3817,'Casares',21),(3792,'Casas',1),(532,'Casbas',2),(484,'Cascada',2),(322,'Caseros',2),(2096,'Caseros',8),(1765,'Caseros Centro',6),(3440,'Casilda',1),(2294,'Casira',10),(2328,'Caspalá',10),(3888,'Caspi Corral',21),(3791,'Castelar',1),(244,'Castelar',2),(3479,'Castellanos',1),(461,'Castelli',2),(494,'Castilla',2),(2504,'Castro Barros',12),(3009,'Catriel',16),(2352,'Catriló',11),(2307,'Catua',10),(3241,'Caucete',18),(1525,'Cavanagh',6),(2915,'Caviahue',15),(3619,'Cavour',1),(3520,'Cayastá',1),(3762,'Cayastacito',1),(3379,'Cazador',19),(1871,'Cazadores Correntinos',7),(800,'Cazón',2),(2364,'Ceballos',11),(3104,'Ceibalito',17),(2030,'Ceibas',8),(2888,'Centenario',15),(3735,'Centeno',1),(3105,'Centro 25 de Junio',17),(2254,'Centro Forestal',10),(462,'Centro Guerrero',2),(3507,'Cepeda',1),(1,'Ceres',1),(3115,'Cerrillos',17),(1949,'Cerrito',8),(2801,'Cerro Azul',14),(1655,'Cerro Colorado',6),(3317,'Cerro Colorado',19),(1276,'Cerro Cóndor',5),(2755,'Cerro Corá',14),(463,'Cerro de la Gloria',2),(2972,'Cerro Policía',16),(3027,'Cervantes',16),(3452,'Chabas',1),(495,'Chacabuco',2),(925,'Chacarita',2),(1326,'Chacarita',24),(2427,'Chacharramendi',11),(2571,'Chacras de Coria',13),(1603,'Chaján',6),(1994,'Chajarí',8),(1630,'Chalacea',6),(2247,'Chalicán',10),(2474,'Chamical',12),(2505,'Chañar',12),(3451,'Chañar Ladeado',1),(961,'Chañar Punco',3),(1656,'Chañar Viejo',6),(2490,'Chañarmuyo',12),(1551,'Chancani',6),(566,'Chapadmalal',2),(2689,'Chapanay',13),(3536,'Chapuy',1),(1002,'Chaquiago',3),(1199,'Charadai',4),(1129,'Charata',4),(1572,'Charbonier',6),(1509,'Charras',6),(53,'Chascomús',2),(850,'Chasicó',2),(3941,'Chauchillas',21),(3841,'Chaupi Pozo',21),(2445,'Chaupihuasi',12),(1927,'Chavarría',7),(1480,'Chazón',6),(2954,'Chelforó',16),(2522,'Chepes',12),(3028,'Chichinales',16),(3117,'Chicoana',17),(3964,'Chilca Juliana',21),(2441,'Chilecito',12),(2677,'Chilecito',13),(1840,'Chilibroste',6),(381,'Chillar',2),(3248,'Chimbas',18),(2955,'Chimpay',16),(502,'Chivilcoy',2),(2683,'Chivilcoy',13),(2960,'Choele Choel',16),(1235,'Cholila',5),(4085,'Choromoro',23),(1137,'Chorotis',4),(2904,'Chorriaca',15),(2898,'Chos Malal',15),(3385,'Chosmes',19),(3531,'Chovet',1),(1003,'Choya',3),(3877,'Choya',21),(3547,'Christophersen',1),(984,'Chuchucaruana',3),(1604,'Chucul',6),(3298,'Chucuma',18),(1026,'Chumbicha',3),(1497,'Chuña',6),(1791,'Chuña Huasi',6),(2464,'Chuquis',12),(1822,'Churqui Cañada',6),(323,'Churruca',2),(2234,'Cianzo',10),(1545,'Ciénaga del Coro',6),(3289,'Cienaguita',18),(2295,'Ciénega de Paicone',10),(2292,'Cieneguillas',10),(1164,'Ciervo Petiso',4),(2937,'Cinco Saltos',16),(1841,'Cintra',6),(2940,'Cipolletti',16),(180,'City Bell',2),(945,'Ciudad de Buenos Aires',2),(1346,'Ciudad de Buenos Aires',24),(2538,'Ciudad de Godoy Cruz',13),(2557,'Ciudad de Las Heras',13),(1368,'Ciudad de los Niños',6),(2576,'Ciudad de Maipú',13),(112,'Ciudad del Libertador General San Martín',2),(153,'Ciudad Evita',2),(113,'Ciudad Jardín El Libertador',2),(324,'Ciudad Jardín Lomas del Palomar',2),(2568,'Ciudad Luján de Cuyo',13),(325,'Ciudadela',2),(686,'Claraz',2),(320,'Claromecó',2),(3567,'Classon',1),(6,'Claypole',2),(3078,'Clemente Onelli',16),(3838,'Clodomira',21),(1963,'Clodomiro Ledesma',8),(2167,'Clorinda',9),(3123,'Cobos',17),(3156,'Cobres',17),(2200,'Cochinoca',10),(2235,'Coctaca',10),(911,'Coghlan',2),(1312,'Coghlan',24),(4075,'Colalao del Valle',23),(1271,'Colan Conhué',5),(3076,'Colan Conhue',16),(1073,'Colana',3),(1671,'Colazo',6),(918,'Colegiales',2),(1319,'Colegiales',24),(3809,'Colmena',1),(4012,'Colombres',23),(452,'Colón',2),(1952,'Colón',8),(1722,'Colonia 10 de Julio',6),(1204,'Colonia Aborigen',4),(2831,'Colonia Alberdi',14),(1995,'Colonia Alemana',8),(1795,'Colonia Almada',6),(3957,'Colonia Alpina',21),(3715,'Colonia Ana',1),(2479,'Colonia Anguinán',12),(1721,'Colonia Anita',6),(2870,'Colonia Aurora',14),(2056,'Colonia Avellaneda',8),(2035,'Colonia Avigdor',8),(1964,'Colonia Ayuí',8),(1188,'Colonia Baranda',4),(1526,'Colonia Barge',6),(2399,'Colonia Barón',11),(3788,'Colonia Belgrano',1),(1182,'Colonia Benítez',4),(3483,'Colonia Bicha',1),(1842,'Colonia Bismarck',6),(3702,'Colonia Bossi',1),(1843,'Colonia Bremen',6),(2175,'Colonia Campo Villafañe',9),(1921,'Colonia Carlos Pellegrini',7),(1424,'Colonia Caroya',6),(3485,'Colonia Cello',1),(2057,'Colonia Crespo',8),(1027,'Colonia del Valle',3),(3757,'Colonia Dolores',1),(3831,'Colonia Dora',21),(3721,'Colonia Durán',1),(3960,'Colonia El Simbolar',21),(2097,'Colonia Elía',8),(1195,'Colonia Elisa',4),(1983,'Colonia Ensayo',8),(3290,'Colonia Fiscal',18),(1965,'Colonia General Roca',8),(3227,'Colonia Gutiérrez',18),(251,'Colonia Hinojo',2),(1953,'Colonia Hugues',8),(1527,'Colonia Italiana',6),(1737,'Colonia Iturraspe',6),(3049,'Colonia Juliá y Echarren',16),(1996,'Colonia La Argentina',8),(1631,'Colonia Las Cuatro Esquinas',6),(1723,'Colonia Las Pichanas',6),(2723,'Colonia Las Rosas',13),(1903,'Colonia Libertad',7),(1888,'Colonia Liebig\'s',7),(2480,'Colonia Malligasta',12),(3487,'Colonia Margarita',1),(1724,'Colonia Marina',6),(445,'Colonia Mauricio',2),(4020,'Colonia Mayo - Barrio La Milagrosa',23),(3583,'Colonia Médici',1),(1028,'Colonia Nueva Coneta',3),(2514,'Colonia Ortiz de Ocampo',12),(1928,'Colonia Pando',7),(2130,'Colonia Pastoril',9),(2846,'Colonia Polana',14),(1160,'Colonia Popular',4),(1725,'Colonia Prosperidad',6),(3453,'Colonia Raquel',1),(3694,'Colonia Rosa',1),(1726,'Colonia San Bartolomé',6),(2192,'Colonia San José',10),(2400,'Colonia San José',11),(3884,'Colonia San Juan',21),(793,'Colonia San Martín',2),(704,'Colonia San Miguel',2),(353,'Colonia San Miguel Arcángel',2),(1727,'Colonia San Pedro',6),(559,'Colonia San Ricardo',2),(1728,'Colonia Santa María',6),(2428,'Colonia Santa María',11),(3091,'Colonia Santa Rosa',17),(2144,'Colonia Sarmiento',9),(2593,'Colonia Segovia',13),(454,'Colonia Seré',2),(2961,'Colonia Suiza',16),(3949,'Colonia Tinco',21),(1425,'Colonia Tirolesa',6),(1729,'Colonia Valtelina',6),(1528,'Colonia Veinticinco',6),(1426,'Colonia Vicente Agüero',6),(2476,'Colonia Vichigasta',12),(2770,'Colonia Victoria',14),(1672,'Colonia Videla',6),(1730,'Colonia Vignaud',6),(2798,'Colonia Wanda',14),(1196,'Colonias Unidas',4),(985,'Colpes',3),(3057,'Comallo',16),(2782,'Comandante Andresito',14),(2145,'Comandante Fontana',9),(3400,'Comandante Luis Piedrabuena',20),(527,'Comandante Nicanor Otamendi',2),(3037,'Comicó',16),(414,'Comodoro Py',2),(1225,'Comodoro Rivadavia',5),(2120,'Comunidad Aborigen Bartolomé de las Casas',9),(3041,'Cona Niyeu',16),(3336,'Concarán',19),(1029,'Concepción',3),(1868,'Concepción',7),(4028,'Concepción',23),(2767,'Concepción de la Sierra',14),(1116,'Concepción del Bermejo',4),(2098,'Concepción del Uruguay',8),(1943,'Concordia',8),(1012,'Cóndor Huasi',3),(827,'Conesa',2),(1030,'Coneta',3),(2357,'Conhelo',11),(1703,'Conlara',6),(2004,'Conscripto Bernardi',8),(3699,'Constanza',1),(898,'Constitución',2),(1299,'Constitución',24),(3029,'Contralmirante Cordero',16),(972,'Copacabana',3),(1498,'Copacabana',6),(2916,'Copahue',15),(863,'Copetonas',2),(3194,'Copo Quile',17),(2573,'Coquimbito',13),(2308,'Coranzuli',10),(1254,'Corcovado',5),(1358,'Córdoba',6),(2729,'Cordón del Plata',13),(3728,'Coronda',1),(3771,'Coronel Arnold',1),(1605,'Coronel Baigorria',6),(2956,'Coronel Belisle',16),(616,'Coronel Boerr',2),(3683,'Coronel Bogado',1),(426,'Coronel Brandsen',2),(580,'Coronel Charlone',2),(3129,'Coronel Cornejo',17),(473,'Coronel Dorrego',2),(1173,'Coronel Du Graty',4),(3486,'Coronel Fraga',1),(2366,'Coronel Hilario Lagos',11),(3185,'Coronel Juan Solá',17),(3819,'Coronel Manuel L. Rico',21),(630,'Coronel Martínez de Hoz',2),(1606,'Coronel Moldes',6),(3159,'Coronel Moldes',17),(3096,'Coronel Mollinedo',17),(3098,'Coronel Olleros',17),(479,'Coronel Pringles',2),(3676,'Coronel Rodolfo S. Domínguez',1),(366,'Coronel Seguí',2),(485,'Coronel Suárez',2),(663,'Coronel Vidal',2),(2847,'Corpus',14),(1529,'Corral de Bustos',6),(1013,'Corral Quemado',3),(1796,'Corralito',6),(3582,'Correa',1),(1865,'Corrientes',7),(3335,'Cortaderas',19),(207,'Cortines',2),(1140,'Corzuela',4),(1573,'Cosquín',6),(250,'Costa Bonita',2),(2629,'Costa de Araujo',13),(1236,'Costa del Chubut',5),(2635,'Costa Flores',13),(1673,'Costasacate',6),(1200,'Cote Lai',4),(107,'Country Club Bosque Real',2),(3085,'Country Club El Tipal',17),(3083,'Country Club La Almudena',17),(212,'Country Club Las Praderas',2),(3313,'Country Club Los Caldenes',19),(2875,'Covunco Centro',15),(2258,'Coyaguaima',10),(2058,'Crespo',8),(3780,'Crispi',1),(845,'Crotto',2),(2867,'Cruce Caballero',14),(21,'Crucesita',2),(1530,'Cruz Alta',6),(1448,'Cruz de Caña',6),(1893,'Cruz de los Milagros',7),(2652,'Cruz de Piedra',13),(3316,'Cruz de Piedra',19),(1449,'Cruz del Eje',6),(2714,'Cuadro Benegas',13),(2582,'Cuadro Nacional',13),(2577,'Cuadro Ortega',13),(238,'Cuartel V',2),(3849,'Cuatro Bocas',21),(3684,'Cuatro Esquinas',1),(2382,'Cuchillo Co',11),(812,'Cucullú',2),(1574,'Cuesta Blanca',6),(2453,'Cuipán',12),(3637,'Cululú',1),(486,'Curamalal',2),(455,'Curarú',2),(3713,'Curupaytí',1),(1872,'Curuzú Cuatiá',7),(1237,'Cushamen Centro',5),(2296,'Cusi Cusi',10),(2889,'Cutral Có',15),(487,'D\'Orbigny',2),(511,'Daireaux',2),(1797,'Dalmacio Vélez',6),(2413,'Damián Maisonave',11),(753,'Darregueira',2),(2957,'Darwin',16),(730,'De Bary',2),(841,'De la Canal',2),(362,'De La Garma',2),(1499,'Deán Funes',6),(1463,'Del Campillo',6),(801,'Del Carril',2),(875,'Del Valle',2),(142,'Del Viso',2),(4021,'Delfín Gallo',23),(354,'Delfín Huergo',2),(2605,'Desaguadero',13),(3382,'Desaguadero',19),(2523,'Desiderio Tello',12),(1766,'Despeñaderos',6),(3731,'Desvío Arijón',1),(1731,'Devoto',6),(1249,'Diadema Argentina',5),(1945,'Diamante',8),(3742,'Díaz',1),(3540,'Diego de Alvear',1),(1632,'Diego de Rojas',6),(3055,'Dina Huapi',16),(1767,'Dique Chico',6),(1260,'Dique Florentino Ameghino',5),(311,'Dique Luján',2),(55,'Dique N° 1',2),(3294,'Divisadero',18),(2343,'Doblas',11),(22,'Dock Sud',2),(1292,'Doctor Oscar Atilio Viglione (Frontera de Río Pico)',5),(1286,'Doctor Ricardo Rojas',5),(1261,'Dolavon',5),(514,'Dolores',2),(2848,'Domingo Savio',14),(309,'Domselaar',2),(278,'Don Bosco',2),(2044,'Don Cristóbal',8),(2273,'Don Emilio',10),(7,'Don Orione',2),(312,'Don Torcuato Este',2),(313,'Don Torcuato Oeste',2),(3821,'Donadeu',21),(2390,'Dorila',11),(2545,'Dorrego',13),(3279,'Dos Acequias',18),(2802,'Dos Arroyos',14),(2753,'Dos de Mayo',14),(2735,'Dos de Mayo Núcleo I',14),(2736,'Dos de Mayo Núcleo II',14),(2747,'Dos de Mayo Nucleo III (Bº Bernardino Rivadavia)',14),(2784,'Dos Hermanas',14),(3136,'Dragones',17),(694,'Dudignac',2),(794,'Dufaur',2),(818,'Duggan',2),(1359,'Dumesnil',6),(321,'Dunamar',2),(2086,'Durazno',8),(2355,'Eduardo Castex',11),(3482,'Egusquiza',1),(3929,'El 49',21),(2270,'El Acheral',10),(2236,'El Aguilar',10),(948,'El Alamito',3),(1633,'El Alcalde',6),(2809,'El Alcázar',14),(2558,'El Algarrobal',13),(1039,'El Alto',3),(2297,'El Angosto',10),(1732,'El Arañado',6),(3559,'El Araza',1),(3901,'El Arenal',21),(1050,'El Aybal',3),(977,'El Bañado',3),(3900,'El Bobadal',21),(986,'El Bolsón',3),(2968,'El Bolsón',16),(2559,'El Borbollón',13),(3122,'El Bordo',17),(4016,'El Bracho',23),(1450,'El Brete',6),(1937,'El Brillante',8),(3871,'El Caburé',21),(4081,'El Cadillal',23),(3075,'El Caín',16),(1084,'El Cajón',3),(3418,'El Calafate',20),(3664,'El Caramelo',1),(2214,'El Carmen',10),(3119,'El Carril',17),(2636,'El Carrizal',13),(61,'El Cazador',2),(2265,'El Ceibal',10),(966,'El Cerrito',3),(1546,'El Chacho',6),(2560,'El Challao',13),(3417,'El Chaltén',20),(4007,'El Chañar',23),(3899,'El Charco',21),(2917,'El Cholar',15),(3309,'El Chorrillo',19),(1938,'El Colorado',8),(2176,'El Colorado',9),(3910,'El Colorado',21),(2336,'El Cóndor',10),(2944,'El Cóndor',16),(1392,'El Corcovado - El Torreón',6),(3992,'El Corte',23),(1634,'El Crispín',6),(3883,'El Crucero',21),(3909,'El Cuadrado',21),(2979,'El Cuy',16),(3856,'El Deán',21),(1085,'El Desmonte',3),(1361,'El Diquecito',6),(1052,'El Divisadero',3),(480,'El Divisorio',2),(621,'El Dorado',2),(1014,'El Durazno',3),(1393,'El Durazno',6),(3063,'El Empalme',16),(3303,'El Encón',18),(1265,'El Escorial',5),(1145,'El Espinillo',4),(2162,'El Espinillo',9),(2684,'El Espino',13),(1733,'El Fortín',6),(2962,'El Foyel',16),(2285,'El Fuerte',10),(1734,'El Fuertecito',6),(3170,'El Galpón',17),(1238,'El Hoyo',5),(955,'El Hueco',3),(2918,'El Huecú',15),(68,'El Jagüel',2),(3153,'El Jardín',17),(2951,'El Juncal',16),(326,'El Libertador',2),(951,'El Lindero',3),(1239,'El Maitén',5),(3995,'El Manantial',23),(1428,'El Manzano',6),(2724,'El Manzano',13),(567,'El Marquesado',2),(3224,'El Medanito',18),(3261,'El Médano',18),(2659,'El Mirador',13),(1274,'El Mirasol',5),(3857,'El Mojón',21),(4078,'El Mollar',23),(2322,'El Moreno',10),(3198,'El Naranjo',17),(4005,'El Naranjo',23),(2696,'El Nihuil',13),(1075,'El Pajonal',3),(2059,'El Palenque',8),(245,'El Palomar',2),(767,'El Paraíso',2),(3990,'El Paraíso',23),(2624,'El Paramillo',13),(31,'El Pato',2),(2646,'El Pedregal',13),(1008,'El Peñón',3),(481,'El Pensamiento',2),(2733,'El Peral',13),(474,'El Perdido',2),(2060,'El Pingo',8),(2286,'El Piquete',10),(2565,'El Plumerillo',13),(1111,'El Portezuelo',3),(1006,'El Potrero',3),(3195,'El Potrero',17),(2179,'El Potrillo',9),(1362,'El Pueblito',6),(1086,'El Puesto',3),(2274,'El Puesto',10),(3099,'El Quebrachal',17),(2181,'El Quebracho',9),(2275,'El Quemado',10),(1053,'El Quimilo',3),(3565,'El Rabón',1),(2061,'El Ramblón',8),(2685,'El Ramblón',13),(1510,'El Rastreador',6),(2146,'El Recreo',9),(72,'El Remanso',2),(2561,'El Resguardo',13),(181,'El Retiro',2),(3232,'El Rincón',18),(3903,'El Rincón',21),(987,'El Rodeo',3),(1823,'El Rodeo',6),(1105,'El Salado',3),(2637,'El Salto',13),(2845,'El Salto',14),(2546,'El Sauce',13),(2924,'El Sauce',15),(1146,'El Sauzal',4),(3942,'El Sauzal',21),(1147,'El Sauzalito',4),(2791,'El Soberbio',14),(2036,'El Solar',8),(1874,'El Sombrero',7),(2697,'El Sosneado',13),(3177,'El Tabacal',17),(3154,'El Tala',17),(314,'El Talar',2),(2287,'El Talar',10),(1735,'El Tío',6),(2309,'El Toro',10),(3329,'El Trapiche',19),(3794,'El Trébol',1),(617,'El Trigo',2),(631,'El Triunfo',2),(91,'El Tropezón',2),(2698,'El Tropezón',13),(3169,'El Tunal',17),(3411,'El Turbio',20),(1824,'El Tuscal',6),(1376,'El Valle',6),(2625,'El Vergel',13),(3387,'El Volcán',19),(2730,'El Zampal',13),(3863,'El Zanjón',21),(2562,'El Zapallar',13),(2781,'Eldorado',14),(1607,'Elena',6),(3645,'Elisa',1),(3539,'Elortondo',1),(644,'Elvira',2),(2414,'Embajador Martini',11),(1394,'Embalse',6),(3088,'Embarcación',17),(3604,'Emilia',1),(503,'Emilio Ayarza',2),(581,'Emilio V. Bunge',2),(3616,'Empalme San Carlos',1),(3504,'Empalme Villa Constitución',1),(1875,'Empedrado',7),(2019,'Enrique Carbó',8),(1174,'Enrique Urien',4),(56,'Ensenada',2),(1240,'Epuyén',5),(828,'Erezcano',2),(876,'Ernestina',2),(894,'Escalada',2),(517,'Escobar',2),(3462,'Esmeralda',1),(355,'Espartillar',2),(3617,'Esperanza',1),(705,'Espigas',2),(1255,'Esquel',5),(1635,'Esquina',6),(1876,'Esquina',7),(1054,'Esquiú',3),(2739,'Estación Apóstoles',14),(4044,'Estación Aráoz',23),(535,'Estación Arenales',2),(2087,'Estación Arroyo Clé',8),(3825,'Estación Atamisqui',21),(96,'Estación Camet',2),(1985,'Estación Camps',8),(568,'Estación Chapadmalal',2),(3484,'Estación Clucellas',1),(2020,'Estación Escriña',8),(1161,'Estación General Obligado',4),(3878,'Estación La Punta',21),(2013,'Estación Lazo',8),(1464,'Estación Lecueder',6),(1904,'Estación Libertad',7),(1736,'Estación Luxardo',6),(2455,'Estación Mazán',12),(3427,'Estación Presidente Roca',1),(1947,'Estación Puiggari',8),(2112,'Estación Raíces',8),(3966,'Estación Robles',21),(3456,'Estación Saguier',1),(3968,'Estación Taboada',21),(3891,'Estación Tacañitas',21),(1879,'Estación Torrent',7),(1967,'Estación Yeruá',8),(1968,'Estación Yuquerí',8),(1547,'Estancia de Guadalupe',6),(1969,'Estancia Grande',8),(3327,'Estancia Grande',19),(1575,'Estancia Vieja',6),(2147,'Estanislao del Campo',9),(83,'Estanislao Severo Zeballos',2),(356,'Esteban Agustín Gascón',2),(518,'Esteban Echeverría',2),(3647,'Esteban Rams',1),(755,'Estela',2),(3747,'Esther',1),(1481,'Etruria',6),(1657,'Eufrasio Loza',6),(2674,'Eugenio Bustos',13),(3480,'Eusebia y Carolina',1),(3457,'Eustolia',1),(3988,'Ex Ingenio Esperanza',23),(3981,'Ex Ingenio Los Ralos',23),(3991,'Ex Ingenio Luján',23),(3994,'Ex Ingenio Nueva Baviera',23),(3999,'Ex Ingenio San José',23),(522,'Ezeiza',2),(279,'Ezpeleta',2),(280,'Ezpeleta Oeste',2),(1287,'Facundo',5),(1768,'Falda del Cañete',6),(1769,'Falda del Carmen',6),(2415,'Falucho',11),(3979,'Famaillá',23),(964,'Famatanca',3),(2495,'Famatina',12),(1015,'Farallón Negro',3),(475,'Faro',2),(256,'Fátima',2),(2021,'Faustino M. Parera',8),(2045,'Febré',8),(1997,'Federación',8),(2006,'Federal',8),(3636,'Felicia',1),(756,'Felipe Solá',2),(1900,'Felipe Yofré',7),(3959,'Fernández',21),(536,'Ferré',2),(3030,'Ferri',16),(974,'Fiambalá',3),(3673,'Fighiera',1),(3506,'Firmat',1),(3410,'Fitz Roy',20),(2183,'Fleming',10),(3556,'Florencia',1),(523,'Florencio Varela',2),(525,'Florentino Ameghino',2),(2859,'Florentino Ameghino',14),(910,'Flores',2),(1311,'Flores',24),(937,'Floresta',2),(1338,'Floresta',24),(338,'Florida',2),(339,'Florida Oeste',2),(1241,'Fofo Cahuel',5),(1189,'Fontana',4),(733,'Fontezuela',2),(2131,'Formosa',9),(622,'Fortín Acha',2),(2148,'Fortín Cabo 1º Lugones',9),(3359,'Fortín El Patria',19),(3851,'Fortín Inca',21),(1158,'Fortín Las Chuñas',4),(1148,'Fortín Lavalle',4),(775,'Fortín Olavarría',2),(3799,'Fortín Olmos',1),(2149,'Fortín Sargento 1º Leyes',9),(2121,'Fortín Soledad',9),(602,'Fortín Tiburcio',2),(3360,'Fortuna',19),(2792,'Fracrán',14),(3333,'Fraga',19),(2248,'Fraile Pintado',10),(239,'Francisco Álvarez',2),(722,'Francisco Madero',2),(3642,'Franck',1),(813,'Franklin',2),(3777,'Fray Luis Beltrán',1),(2647,'Fray Luis Beltrán',13),(227,'Frente Mar',2),(1738,'Freyre',6),(3875,'Frías',21),(3481,'Frontera',1),(3774,'Fuentes',1),(1149,'Fuerte Esperanza',4),(1088,'Fuerte Quemado',3),(3679,'Funes',1),(3746,'Gaboto',1),(805,'Gahan',2),(1262,'Gaiman',5),(3722,'Gálvez',1),(1296,'Gan Gan',5),(1130,'Gancedo',4),(3100,'Gaona',17),(3805,'Garabato',1),(1252,'Garayalde',5),(842,'Gardey',2),(3458,'Garibaldi',1),(62,'Garín',2),(4010,'Garmendia',23),(591,'Garré',2),(1933,'Garruchos',7),(2810,'Garuhapé',14),(2762,'Garupá',14),(3969,'Garza',21),(1266,'Gastre',5),(3648,'Gato Colorado',1),(2429,'General Acha',11),(2022,'General Almada',8),(531,'General Alvear',2),(1986,'General Alvear',8),(2589,'General Alvear',13),(2835,'General Alvear',14),(537,'General Arenales',2),(1532,'General Baldissera',6),(3137,'General Ballivián',17),(540,'General Belgrano',2),(2555,'General Belgrano',13),(1511,'General Cabrera',6),(2083,'General Campos',8),(1131,'General Capdevila',4),(849,'General Conesa',2),(2969,'General Conesa',16),(385,'General Daniel Cerri',2),(1512,'General Deheza',6),(2982,'General Enrique Godoy',16),(3011,'General Fernández Oro',16),(1798,'General Fotheringham',6),(2014,'General Galarza',8),(3502,'General Gelly',1),(3125,'General Güemes',17),(542,'General Guido',2),(2574,'General Gutiérrez',13),(550,'General Hornos',2),(1165,'General José de San Martín',4),(94,'General Juan Madariaga',2),(545,'General La Madrid',2),(3685,'General Lagos',1),(551,'General Las Heras',2),(554,'General Lavalle',2),(1558,'General Levalle',6),(2137,'General Lucio V. Mansilla',9),(654,'General Mansilla',2),(2374,'General Manuel J. Campos',11),(2180,'General Mosconi',9),(3087,'General Mosconi',17),(415,'General O\'Brien',2),(315,'General Pacheco',2),(1429,'General Paz',6),(2392,'General Pico',11),(1132,'General Pinedo',4),(560,'General Pinto',2),(664,'General Pirán',2),(3095,'General Pizarro',17),(1987,'General Racedo (El Carmen)',8),(1988,'General Ramírez',8),(839,'General Rivas',2),(1533,'General Roca',6),(2938,'General Roca',16),(108,'General Rodríguez',2),(829,'General Rojo',2),(572,'General San Martín',2),(2379,'General San Martín',11),(2849,'General Urquiza',14),(1121,'General Vedia',4),(582,'General Villegas',2),(14,'Gerli',2),(561,'Germania',2),(3723,'Gessler',1),(2023,'Gilbert',8),(856,'Girodias',2),(8,'Glew',2),(2542,'Gobernador Benegas',13),(833,'Gobernador Castro',2),(1293,'Gobernador Costa',5),(3753,'Gobernador Crespo',1),(2361,'Gobernador Duval',11),(2088,'Gobernador Echagüe',8),(3424,'Gobernador Gregores',20),(1934,'Gobernador Igr. Valentín Virasoro',7),(1894,'Gobernador Juan E. Martínez',7),(85,'Gobernador Julio A. Costa',2),(2803,'Gobernador López',14),(2089,'Gobernador Mansilla',8),(2850,'Gobernador Roca',14),(2090,'Gobernador Solá',8),(436,'Gobernador Udaondo',2),(877,'Gobernador Ugarte',2),(3449,'Gödeken',1),(3445,'Godoy',1),(2592,'Godoy Cruz',13),(3812,'Golondrina',1),(427,'Gómez',2),(154,'González Catán',2),(776,'González Moreno',2),(541,'Gorchs',2),(504,'Gorostiaga',2),(2712,'Goudge',13),(671,'Gowland',2),(1885,'Goya',7),(796,'Goyena',2),(3898,'Gramilla',21),(3260,'Gran China',18),(2132,'Gran Guardia',9),(3670,'Granadero Baigorria',1),(215,'Grand Bourg',2),(4034,'Graneros',23),(3649,'Gregoria Pérez de Denis',1),(155,'Gregorio de Laferrere',2),(24,'Grünbein',2),(3618,'Grutly',1),(3147,'Guachipas',17),(2122,'Guadalcazar',9),(3563,'Guadalupe Norte',1),(2015,'Gualeguay',8),(2024,'Gualeguaychú',8),(1242,'Gualjaina',5),(592,'Guaminí',2),(1451,'Guanaco Muerto',6),(2481,'Guanchín',12),(2436,'Guandacol',12),(2836,'Guaraní',14),(2091,'Guardamonte',8),(3848,'Guardia Escolta',21),(2945,'Guardia Mitre',16),(1548,'Guasapampa',6),(1534,'Guatimozín',6),(2375,'Guatraché',11),(1922,'Guaviraví',7),(1040,'Guayamba',3),(2594,'Guaymallén',13),(275,'Guernica',2),(2223,'Guerrero',10),(734,'Guerrico',2),(32,'Guillermo Enrique Hudson',2),(1364,'Guiñazú Norte',6),(1658,'Gutemberg',6),(246,'Haedo',2),(406,'Hale',2),(1954,'Hambis',8),(2062,'Hasenkamp',8),(3921,'Hasse',21),(1201,'Haumonia',4),(3518,'Helvecia',1),(2851,'Helvecia',14),(594,'Henderson',2),(1135,'Hermoso Campo',4),(3915,'Hernán Mejía Miraval',21),(2063,'Hernandarias',8),(2046,'Hernández',8),(1799,'Hernando',6),(2138,'Herradura',9),(2099,'Herrera',8),(3828,'Herrera',21),(595,'Herrera Vegas',2),(3708,'Hersilia',1),(3138,'Hickman',17),(888,'Hilario Ascasubi',2),(252,'Hinojo',2),(3643,'Hipatía',1),(1465,'Hipólito Bouchard',6),(2237,'Hipólito Yrigoyen',10),(2852,'Hipólito Yrigoyen',14),(3179,'Hipólito Yrigoyen',17),(3425,'Hipólito Yrigoyen',20),(3193,'Hito 1',17),(1955,'Hocker',8),(1202,'Horquilla',4),(446,'Hortensia',2),(2318,'Huacalera',10),(3265,'Huaco',18),(1016,'Hualfín',3),(2306,'Huáncar',10),(1513,'Huanchillas',6),(488,'Huanguelén',2),(3696,'Huanqueros',1),(988,'Huaycama',3),(2380,'Hucal',11),(1576,'Huerta Grande',6),(3541,'Hughes',1),(1032,'Huillapima',3),(1466,'Huinca Renancó',6),(2913,'Huinganco',15),(2238,'Humahuaca',10),(3478,'Humberto Primo',1),(3621,'Humboldt',1),(136,'Hurlingham',2),(3847,'Huyamampa',21),(3675,'Ibarlucea',1),(2150,'Ibarreta',9),(2031,'Ibicuy',8),(1055,'Icaño',3),(3832,'Icaño',21),(1844,'Idiazabal',6),(3253,'Iglesia',18),(4023,'Iltico',23),(1674,'Impira',6),(482,'Indio Rico',2),(806,'Inés Indart',2),(1041,'Infanzón',3),(216,'Ingeniero Adolfo Sourdeaux',2),(1197,'Ingeniero Barbet',4),(3564,'Ingeniero Chanourdie',1),(3961,'Ingeniero Forres',21),(2406,'Ingeniero Foster',11),(2598,'Ingeniero Giagnoni',13),(2142,'Ingeniero Guillermo N. Juárez',9),(2626,'Ingeniero Gustavo André',13),(3079,'Ingeniero Jacobacci',16),(86,'Ingeniero Juan Allan',2),(2416,'Ingeniero Luiggi',11),(3013,'Ingeniero Luis A. Huergo',16),(63,'Ingeniero Maschwitz',2),(2113,'Ingeniero Miguel Sajaroff',8),(3031,'Ingeniero Otto Krause',16),(217,'Ingeniero Pablo Nogués',2),(872,'Ingeniero Thompson',2),(25,'Ingeniero White',2),(4032,'Ingenio Fronterita',23),(3993,'Ingenio La Florida',23),(1916,'Ingenio Primer Correntino',7),(4049,'Ingenio San Pablo',23),(3997,'Ingenio Santa Bárbara',23),(1535,'Inriville',6),(2785,'Integración',14),(2367,'Intendente Alvear',11),(3800,'Intiyaco',1),(416,'Irala',2),(2025,'Irazusta',8),(476,'Irene',2),(3740,'Irigoyen',1),(393,'Irineo Portela',2),(3149,'Iruya',17),(3897,'Isca Yacu',21),(3904,'Isca Yacu Semaul',21),(156,'Isidro Casanova',2),(3150,'Isla de Cañas',17),(1122,'Isla del Cerrito',4),(57,'Isla Santiago',2),(1536,'Isla Verde',6),(1880,'Itá Ibaté',7),(2860,'Itacaruaré',14),(1467,'Italó',6),(1886,'Itatí',7),(1136,'Itín',4),(597,'Ituzaingó',2),(1889,'Ituzaingó',7),(139,'Ituzaingó Centro',2),(140,'Ituzaingó Sur',2),(2381,'Jacinto Aráuz',11),(3624,'Jacinto L. Aráuz',1),(1017,'Jacipunco',3),(2518,'Jagüé',12),(2699,'Jaime Prats',13),(2310,'Jama',10),(1800,'James Craik',6),(3402,'Jaramillo',20),(2856,'Jardín América',14),(1357,'Jardín Arenales',6),(3377,'Jarilla',19),(428,'Jeppener',2),(1430,'Jesús María',6),(2547,'Jesús Nazareno',13),(182,'Joaquín Gorina',2),(3101,'Joaquín V. González',17),(2616,'Jocolí',13),(2627,'Jocolí Viejo',13),(673,'Jorge Born',2),(716,'José B. Casas',2),(143,'José C. Paz',2),(1770,'José de la Quintana',6),(1294,'José de San Martín',5),(183,'José Hernández',2),(327,'José Ingenieros',2),(682,'José Juan Almeyra',2),(79,'José María Ezeiza',2),(9,'José Mármol',2),(184,'José Melchor Romero',2),(1932,'José Rafael Gómez',7),(3464,'Josefina',1),(735,'Juan A. de la Peña',2),(717,'Juan A. Pradere',2),(736,'Juan Anchorena',2),(3498,'Juan B. Molina',1),(623,'Juan Bautista Alberdi',2),(4037,'Juan Bautista Alberdi',23),(889,'Juan Cousté',2),(363,'Juan E. Barra',2),(407,'Juan F. Ibarra',2),(418,'Juan F. Salaberry',2),(2151,'Juan G. Bazán',9),(3344,'Juan Jorba',19),(1150,'Juan José Castelli',4),(723,'Juan José Paso',2),(3352,'Juan Llerena',19),(33,'Juan María Gutiérrez',2),(687,'Juan N. Fernández',2),(1905,'Juan Pujol',7),(3388,'Juana Koslay',19),(1370,'Juárez Celman',6),(2114,'Jubileo',8),(2317,'Juella',10),(3414,'Julia Dufour',20),(3509,'Juncal',1),(603,'Junín',2),(2599,'Junín',13),(2901,'Junín de los Andes',15),(1845,'Justiniano Posse',6),(3345,'Justo Daract',19),(3050,'Juventud Unida',16),(3678,'Kilómetro 101',1),(1228,'Kilómetro 11 - Cuarteles',5),(3806,'Kilómetro 115',1),(2752,'Kilómetro 17',14),(1207,'Kilómetro 3 - General Mosconi',5),(1226,'Kilómetro 5 - Presidente Ortíz',5),(1636,'Kilómetro 658',6),(1227,'Kilómetro 8 - Don Bosco',5),(3408,'Koluel Kaike',20),(2348,'La Adela',11),(2224,'La Almona',10),(538,'La Angelita',2),(2731,'La Arboleda',13),(665,'La Armonía',2),(695,'La Aurora',2),(3837,'La Aurora',21),(222,'La Baliza',2),(3843,'La Banda',21),(1452,'La Batea',6),(782,'La Beba',2),(1771,'La Boca del Río',6),(3718,'La Brava',1),(2928,'La Buitrera',15),(3697,'La Cabral',1),(3152,'La Caldera',17),(1360,'La Calera',6),(3323,'La Calera',19),(223,'La Caleta',2),(3882,'La Cañada',21),(998,'La Candelaria',3),(3155,'La Candelaria',17),(92,'La Capilla',2),(1514,'La Carlota',6),(1608,'La Carolina',6),(956,'La Carrera',3),(857,'La Carreta',2),(1609,'La Cautiva',6),(2670,'La Central',13),(1559,'La Cesira',6),(3228,'La Chimbera',18),(3537,'La Chispa',1),(552,'La Choza',2),(2298,'La Ciénega',10),(2563,'La Cieneguita',13),(1956,'La Clarita',8),(1177,'La Clotilde',4),(4038,'La Cocha',23),(546,'La Colina',2),(2600,'La Colonia',13),(375,'La Constancia',2),(2675,'La Consulta',13),(2768,'La Corita',14),(3763,'La Criolla',1),(1970,'La Criolla',8),(1395,'La Cruz',6),(1923,'La Cruz',7),(2496,'La Cuadra',12),(185,'La Cumbre',2),(1577,'La Cumbre',6),(1396,'La Cumbrecita',6),(3842,'La Dársena',21),(574,'La Delfina',2),(1385,'La Donosa',6),(1056,'La Dorada',3),(2717,'La Dormida',13),(1166,'La Eduvigis',4),(301,'La Emilia',2),(1141,'La Escondida',4),(2276,'La Esperanza',10),(2660,'La Esperanza',13),(1578,'La Falda',6),(3219,'La Falda',18),(957,'La Falda de San Antonio',3),(1347,'La Floresta',6),(2578,'La Florida',13),(3334,'La Florida',19),(3985,'La Florida',23),(1739,'La Francia',6),(3803,'La Gallareta',1),(1610,'La Gilda',6),(2353,'La Gloria',11),(1432,'La Granja',6),(853,'La Gruta',2),(1057,'La Guardia',3),(1065,'La Higuera',3),(1453,'La Higuera',6),(1089,'La Hoyada',3),(2371,'La Humada',11),(2337,'La Intermedia',10),(807,'La Invencible',2),(3881,'La Invernada',21),(3569,'La Isleta',1),(1989,'La Juanita',8),(1482,'La Laguna',6),(512,'La Larga',2),(1123,'La Leonesa',4),(2662,'La Libertad',13),(417,'La Limpia',2),(2700,'La Llave Nueva',13),(2946,'La Lobería',16),(257,'La Lonja',2),(3700,'La Lucila',1),(340,'La Lucila',2),(441,'La Luisa',2),(999,'La Majada',3),(2269,'La Manga',10),(3364,'La Maroma',19),(2407,'La Maruja',11),(610,'La Matanza',2),(2277,'La Mendieta',10),(1066,'La Merced',3),(3114,'La Merced',17),(3200,'La Merced del Encón',17),(952,'La Mesada',3),(3090,'La Misión',17),(3892,'La Nena',21),(3950,'La Nueva Donosa',21),(1772,'La Paisanita',6),(357,'La Pala',2),(1483,'La Palestina',6),(1814,'La Pampa',6),(1740,'La Paquita',6),(1637,'La Para',6),(1704,'La Paz',6),(2037,'La Paz',8),(2607,'La Paz',13),(3639,'La Pelada',1),(3759,'La Penca y Caraguatá',1),(2064,'La Picada',8),(186,'La Plata',2),(1544,'La Playa',6),(1484,'La Playosa',6),(1705,'La Población',6),(3157,'La Poma',17),(1638,'La Posta',6),(2595,'La Primavera',13),(989,'La Puerta',3),(1433,'La Puerta',6),(3174,'La Puerta',17),(3354,'La Punilla',19),(3386,'La Punta',19),(968,'La Puntilla',3),(2442,'La Puntilla',12),(2569,'La Puntilla',13),(2338,'La Quiaca',10),(1640,'La Quinta',6),(4002,'La Ramada',23),(975,'La Ramadita',3),(1773,'La Rancherita y Las Cascadas',6),(2201,'La Redonda',10),(4051,'La Reducción',23),(2383,'La Reforma',11),(240,'La Reja',2),(3311,'La Ribera',19),(505,'La Rica',2),(1659,'La Rinconada',6),(2123,'La Rinconada',9),(3221,'La Rinconada',18),(2460,'La Rioja',12),(3705,'La Rubia',1),(1203,'La Sabana',4),(3555,'La Sarita',1),(1774,'La Serranita',6),(3202,'La Silleta',17),(447,'La Sofía',2),(157,'La Tablada',2),(958,'La Tercena',3),(1178,'La Tigra',4),(3330,'La Toma',19),(1741,'La Tordilla',6),(1706,'La Travesía',6),(539,'La Trinidad',2),(4026,'La Trinidad',23),(80,'La Unión',2),(3192,'La Unión',17),(3499,'La Vanguardia',1),(1142,'La Verde',4),(3397,'La Vertiente',19),(1067,'La Viña',3),(3160,'La Viña',17),(737,'La Violeta',2),(543,'Labardén',2),(1846,'Laborde',6),(3542,'Labordeboy',1),(1560,'Laboulaye',6),(3371,'Lafinur',19),(1288,'Lago Blanco',5),(1243,'Lago Epuyén',5),(1244,'Lago Puelo',5),(1256,'Lago Rosario',5),(593,'Laguna Alsina',2),(1162,'Laguna Blanca',4),(2168,'Laguna Blanca',9),(3053,'Laguna Blanca',16),(645,'Laguna de Lobos',2),(3978,'Laguna Escondida',22),(2163,'Laguna Gallo',9),(1675,'Laguna Larga',6),(1167,'Laguna Limpia',4),(2169,'Laguna Naick-Neck',9),(3599,'Laguna Paiva',1),(2124,'Laguna Yema',9),(2256,'Lagunillas de Farallón',10),(1267,'Lagunita Salada',5),(2824,'Laharrague',14),(2125,'Lamadrid',9),(4035,'Lamadrid',23),(2958,'Lamarque',16),(962,'Lampacito',3),(3782,'Landeta',1),(3566,'Lanteri',1),(611,'Lanús',2),(168,'Lanús Este',2),(169,'Lanús Oeste',2),(1143,'Lapachito',4),(604,'Laplacette',2),(613,'Laprida',2),(3874,'Laprida',21),(3588,'Larguía',1),(3726,'Larrechea',1),(2026,'Larroque',8),(483,'Lartigau',2),(1611,'Las Acequias',6),(3393,'Las Aguadas',19),(1612,'Las Albahacas',6),(659,'Las Armas',2),(1825,'Las Arrias',6),(3691,'Las Avispas',1),(768,'Las Bahamas',2),(1397,'Las Bajadas',6),(3786,'Las Bandurrias',1),(3046,'Las Bayas',16),(1176,'Las Breñas',4),(1398,'Las Caleras',6),(1691,'Las Calles',6),(1454,'Las Cañadas',6),(1097,'Las Cañas',3),(2548,'Las Cañas',13),(783,'Las Carabelas',2),(2718,'Las Catitas',13),(4001,'Las Cejas',23),(1377,'Las Chacras',6),(3314,'Las Chacras',19),(990,'Las Chacritas',3),(3267,'Las Chacritas',18),(2884,'Las Coloradas',15),(2643,'Las Compuertas',13),(2609,'Las Cuevas',13),(3934,'Las Delicias',21),(1058,'Las Esquinas',3),(618,'Las Flores',2),(3254,'Las Flores',18),(1198,'Las Garcitas',4),(3576,'Las Garzas',1),(1641,'Las Gramillas',6),(3064,'Las Grutas',16),(2092,'Las Guachas',8),(2610,'Las Heras',13),(3404,'Las Heras',20),(1613,'Las Higueras',6),(1801,'Las Isletillas',6),(1579,'Las Jarillas',6),(1990,'Las Jaulas',8),(991,'Las Juntas',3),(1676,'Las Junturas',6),(3295,'Las Lagunas',18),(3398,'Las Lagunas',19),(1068,'Las Lajas',3),(2929,'Las Lajas',15),(3092,'Las Lajitas',17),(2655,'Las Leñas',13),(2153,'Las Lomitas',9),(2701,'Las Malvinas',13),(683,'Las Marianas',2),(547,'Las Martinetas',2),(946,'Las Mojarras',3),(1485,'Las Mojarras',6),(2100,'Las Moscas',8),(2909,'Las Ovejas',15),(1124,'Las Palmas',4),(1552,'Las Palmas',6),(3704,'Las Palmeras',1),(1059,'Las Palmitas',3),(3436,'Las Parejas',1),(1614,'Las Peñas',6),(1802,'Las Perdices',6),(2975,'Las Perlas',16),(3785,'Las Petacas',1),(1455,'Las Playas',6),(1275,'Las Plumas',5),(1348,'Las Quintas',6),(1692,'Las Rabonas',6),(3433,'Las Rosas',1),(1642,'Las Saladas',6),(2446,'Las Talas',12),(3217,'Las Talas',18),(3242,'Las Talas - Los Médanos',18),(1707,'Las Tapias',6),(3235,'Las Tapias',18),(1113,'Las Tejas',3),(1942,'Las Tejas',8),(3920,'Las Tinajas',21),(606,'Las Toninas',2),(2539,'Las Tortugas',13),(3573,'Las Toscas',1),(632,'Las Toscas',2),(3620,'Las Tunas',1),(2065,'Las Tunas',8),(1742,'Las Varas',6),(1743,'Las Varillas',6),(2638,'Las Vegas',13),(1615,'Las Vertientes',6),(2585,'Las Violetas',13),(3987,'Lastenia',23),(3353,'Lavaisse',19),(1098,'Lavalle',3),(1895,'Lavalle',7),(3895,'Lavalle',21),(3532,'Lazzarino',1),(624,'Leandro N. Alem',2),(2804,'Leandro N. Alem',14),(3318,'Leandro N. Alem',19),(1561,'Leguizamón',6),(3471,'Lehmann',1),(1245,'Leleque',5),(2225,'León',10),(1537,'Leones',6),(208,'Lezica y Torrezuri',2),(548,'Líbano',2),(2101,'Líbaros',8),(233,'Libertad',2),(2249,'Libertad',10),(3926,'Libertad',21),(2188,'Libertador General San Martín',10),(638,'Licenciado Matienzo',2),(3917,'Lilo Viejo',21),(895,'Lima',2),(2384,'Limay Mahuida',11),(864,'Lin Calel',2),(633,'Lincoln',2),(926,'Liniers',2),(1327,'Liniers',24),(187,'Lisandro Olmos',2),(2259,'Liviara',10),(3602,'Llambi Campbell',1),(200,'Llavallol',2),(2339,'Llulluchayoc',10),(639,'Lobería',2),(646,'Lobos',2),(3651,'Logroño',1),(3738,'Loma Alta',1),(2260,'Loma Blanca',10),(2503,'Loma Blanca',12),(328,'Loma Hermosa',2),(64,'Loma Verde',2),(1881,'Lomas de Vallejos',7),(201,'Lomas de Zamora',2),(158,'Lomas del Mirador',2),(2905,'Loncopué',15),(1020,'Londres',3),(10,'Longchamps',2),(2354,'Lonquimay',11),(3736,'López',1),(401,'López',2),(757,'López Lecube',2),(1925,'Loreto',7),(2759,'Loreto',14),(2266,'Los Alisos',10),(1277,'Los Altares',5),(1099,'Los Altos',3),(3814,'Los Amores',1),(496,'Los Angeles',2),(1033,'Los Angeles',3),(953,'Los Ángeles Norte',3),(954,'Los Ángeles Sur',3),(3420,'Los Antiguos',20),(2663,'Los Árboles',13),(3299,'Los Baldecitos',18),(2604,'Los Barriales',13),(3287,'Los Berros',18),(3189,'Los Blancos',17),(258,'Los Cachorros',2),(3368,'Los Cajones',19),(2664,'Los Campamentos',13),(431,'Los Cardales',2),(3789,'Los Cardos',1),(3859,'Los Cardozos',21),(992,'Los Castillos',3),(2931,'Los Catutos',15),(1381,'Los Cedros',6),(1708,'Los Cerrillos',6),(1456,'Los Chañaritos',6),(1971,'Los Charrúas',8),(2126,'Los Chiriguanos',9),(1257,'Los Cipreses',5),(1515,'Los Cisnes',6),(1580,'Los Cocos',6),(2591,'Los Compartos',13),(1399,'Los Cóndores',6),(1998,'Los Conquistadores',8),(1042,'Los Corrales',3),(2596,'Los Corralitos',13),(1117,'Los Frentones',4),(3986,'Los Gutiérrez',23),(2837,'Los Helechos',14),(1709,'Los Hornillos',6),(188,'Los Hornos',2),(1660,'Los Hoyos',6),(784,'Los Indios',2),(3889,'Los Juríes',21),(2215,'Los Lapachos',10),(3557,'Los Laureles',1),(3216,'Los Médanos',18),(3081,'Los Menucos',16),(2910,'Los Miches',15),(3951,'Los Miranda',21),(1816,'Los Mistoles',6),(3441,'Los Molinos',1),(1349,'Los Molinos',6),(2465,'Los Molinos',12),(3372,'Los Molles',19),(3658,'Los Muchachos - La Alborada',1),(1009,'Los Nacimientos',3),(655,'Los Naranjos',2),(3442,'Los Nogales',1),(2185,'Los Nogales',10),(3948,'Los Núñez',21),(3361,'Los Overos',19),(2472,'Los Palacios',12),(2611,'Los Penitentes',13),(387,'Los Pinos',2),(3865,'Los Pirpintos',21),(218,'Los Polvorines',2),(1500,'Los Pozos',6),(4041,'Los Puestos',23),(3835,'Los Quiroga',21),(3443,'Los Quirquinchos',1),(4015,'Los Ralos',23),(1401,'Los Reartes',6),(2713,'Los Reyunos',13),(2447,'Los Robles',12),(2432,'Los Sarmientos',12),(4063,'Los Sarmientos',23),(2727,'Los Sauces',13),(3833,'Los Soria',21),(1538,'Los Surgentes',6),(1553,'Los Talares',6),(42,'Los Talas',2),(993,'Los Talas',3),(3962,'Los Telares',21),(3869,'Los Tigres',21),(575,'Los Toldos',2),(3208,'Los Toldos',17),(994,'Los Varela',3),(3521,'Los Zapallos',1),(1803,'Los Zorros',6),(2947,'Loteo Costa de Río',16),(2267,'Loteo Navea',10),(2387,'Loventué',11),(1776,'Lozada',6),(2226,'Lozano',10),(2388,'Luan Toro',11),(1486,'Luca',6),(2047,'Lucas González',8),(878,'Lucas Monteverde',2),(146,'Lucila del Mar',2),(3593,'Lucio V. López',1),(1826,'Lucio V. Mansilla',6),(3827,'Lugones',21),(2959,'Luis Beltrán',16),(3093,'Luis Burela',17),(69,'Luis Guillón',2),(3779,'Luis Palacios',1),(209,'Luján',2),(3322,'Luján',19),(2639,'Luján de Cuyo',13),(4048,'Lules',23),(3167,'Lumbreras',17),(1678,'Luque',6),(1402,'Lutti',6),(1710,'Luyaba',6),(2575,'Luzuriaga',13),(2344,'Macachín',11),(3107,'Macapillo',17),(1205,'Machagai',4),(2433,'Machigasta',12),(2093,'Maciá',8),(3730,'Maciel',1),(3861,'Maco',21),(4004,'Macomitas',23),(724,'Magdala',2),(656,'Magdalena',2),(3524,'Maggiolo',1),(2319,'Maimará',10),(2993,'Mainqué',16),(660,'Maipú',2),(2648,'Maipú',13),(2251,'Maíz Negro',10),(1144,'Makallé',4),(3570,'Malabrigo',1),(1748,'Malagueño',6),(2508,'Malanzán',12),(2654,'Malargüe',13),(3815,'Malbrán',21),(1616,'Malena',6),(2482,'Malligasta',12),(1581,'Mallín',6),(2963,'Mallín Ahogado',16),(2,'Malvinas Argentinas',2),(1434,'Malvinas Argentinas',6),(3042,'Mamuel Choique',16),(1100,'Manantiales',3),(2216,'Manantiales',10),(1679,'Manfredi',6),(3945,'Mansupa',21),(189,'Manuel B. Gonnet',2),(4047,'Manuel García Fernández',23),(500,'Manuel J. Cobo',2),(738,'Manuel Ocampo',2),(259,'Manzanares',2),(2911,'Manzano Amargo',15),(260,'Manzone',2),(3082,'Maquinchao',16),(66,'Maquinista F. Savio Este',2),(261,'Maquinista F. Savio Oeste',2),(1643,'Maquinista Gallini',6),(3858,'Maquito',21),(346,'Mar Azul',2),(666,'Mar Chiquita',2),(147,'Mar de Ajó',2),(607,'Mar de Ajó - San Bernardo',2),(148,'Mar de Ajó Norte',2),(224,'Mar de Cobo',2),(347,'Mar de las Pampas',2),(97,'Mar del Plata',2),(528,'Mar del Sur',2),(150,'Mar del Tuyú',2),(3246,'Marayes',18),(3754,'Marcelino Escalada',1),(698,'Marcelino Ugarte',2),(1539,'Marcos Juárez',6),(232,'Marcos Paz',2),(3810,'Margarita',1),(1183,'Margarita Belén',4),(2890,'Mari Menuco',15),(2066,'María Grande',8),(843,'María Ignacia',2),(3465,'María Juana',1),(3622,'María Luisa',1),(2771,'María Magdalena',14),(3793,'María Susana',1),(3546,'María Teresa',1),(234,'Mariano Acosta',2),(739,'Mariano Benítez',2),(2133,'Mariano Boedo',9),(740,'Mariano H. Alfonzo',2),(1901,'Mariano I. Loza',7),(2876,'Mariano Moreno',15),(472,'Marisol',2),(329,'Martín Coronado',2),(3355,'Martín de Loyola',19),(294,'Martínez',2),(2756,'Mártires',14),(1744,'Marull',6),(583,'Massey',2),(932,'Mataderos',2),(1333,'Mataderos',24),(3911,'Matará',21),(65,'Matheu',2),(3644,'Matilde',1),(1680,'Matorrales',6),(1468,'Mattaldi',6),(448,'Mauricio Hirsch',2),(2358,'Mauricio Mayer',11),(3497,'Máximo Paz',1),(890,'Mayor Buratovich',2),(2570,'Mayor Drummond',13),(1582,'Mayu Sumaj',6),(358,'Maza',2),(2811,'Mbopicuá',14),(1899,'Mburucuyá',7),(367,'Mechita',2),(529,'Mechongué',2),(963,'Medanitos',3),(891,'Médanos',2),(2011,'Médanos',8),(3826,'Medellín',21),(1457,'Media Naranja',6),(4029,'Medina',23),(2601,'Medrano',13),(3545,'Melincué',1),(1562,'Melo',6),(2973,'Mencué',16),(1435,'Mendiolaza',6),(2586,'Mendoza',13),(672,'Mercedes',2),(1902,'Mercedes',7),(235,'Merlo',2),(3369,'Merlo',19),(1133,'Mesón de Fierro',4),(2423,'Metileo',11),(1436,'Mi Granja',6),(1386,'Mi Valle',6),(865,'Micaela Cascallares',2),(2398,'Miguel Cané',11),(2345,'Miguel Riglos',11),(3525,'Miguel Torres',1),(2511,'Milagro',12),(1693,'Mina Clavero',6),(2311,'Mina Providencia',10),(3887,'Minerva',21),(3040,'Ministro Ramos Mexía',16),(3,'Ministro Rivadavia',2),(777,'Mira Pampa',2),(1034,'Miraflores',3),(1151,'Miraflores',4),(530,'Miramar',2),(1745,'Miramar',6),(2483,'Miranda',12),(2293,'Misarrumi',10),(3144,'Misión Chaqueña',17),(3139,'Misión Kilómetro 6',17),(2164,'Misión Tacaaglé',9),(3086,'Misión Tierras Fiscales',17),(1906,'Mocoretá',7),(449,'Moctezuma',2),(3256,'Mogna',18),(3689,'Moisés Ville',1),(2134,'Mojón de Fierro',9),(2861,'Mojón Grande',14),(2110,'Molino Doll',8),(3173,'Molinos',17),(725,'Mones Cazón',2),(3698,'Monigotes',1),(3725,'Monje',1),(900,'Monserrat',2),(1301,'Monserrat',24),(1540,'Monte Buey',6),(1907,'Monte Caseros',7),(938,'Monte Castro',2),(1339,'Monte Castro',24),(170,'Monte Chingolo',2),(2702,'Monte Comán',13),(1617,'Monte de los Gauchos',6),(1644,'Monte del Rosario',6),(3669,'Monte Flores',1),(70,'Monte Grande',2),(679,'Monte Hermoso',2),(1847,'Monte Leña',6),(1848,'Monte Maíz',6),(2359,'Monte Nievas',11),(1069,'Monte Potrero',3),(3868,'Monte Quemado',21),(1777,'Monte Ralo',6),(3612,'Monte Vera',1),(4070,'Monteagudo',23),(2825,'Montecarlo',14),(2690,'Montecaseros',13),(1645,'Montecristo',6),(3654,'Montefiore',1),(4062,'Monteros',23),(2217,'Monterrico',10),(3434,'Montes de Oca',1),(506,'Moquehuá',2),(2879,'Moquehue',15),(3853,'Morales',21),(699,'Morea',2),(241,'Moreno',2),(73,'Morón',2),(1849,'Morrison',6),(1746,'Morteros',6),(3380,'Mosmota',19),(2665,'Mundo Nuevo',13),(299,'Muñiz',2),(341,'Munro',2),(3523,'Murphy',1),(1694,'Mussi',6),(1076,'Mutquin',3),(2509,'Nácate',12),(3351,'Nación Ranquel',19),(3356,'Nahuel Mapá',19),(3073,'Nahuel Niyeu',16),(2420,'Naicó',11),(3711,'Ñanducita',1),(388,'Napaleofú',2),(1206,'Napalpí',4),(1159,'Napenay',4),(3756,'Naré',1),(3337,'Naschel',19),(2974,'Naupa Huen',16),(684,'Navarro',2),(3363,'Navia',19),(3211,'Nazareno',17),(248,'Necochea',2),(688,'Necochea - Quequén',2),(3601,'Nelson',1),(2763,'Nemesio Parma',14),(2891,'Neuquén',15),(689,'Nicanor Olivera',2),(1469,'Nicolás Bruzzone',6),(3257,'Niquivil',18),(3058,'Ñirihuau',16),(1850,'Noetinger',6),(3326,'Nogolí',19),(2048,'Nogoyá',8),(1688,'Nono',6),(2477,'Nonogasta',12),(879,'Norberto de la Riestra',2),(3044,'Ñorquincó',16),(700,'Norumbega',2),(3102,'Nuestra Señora de Talavera',17),(2268,'Nuestra Señora del Rosario',10),(1882,'Nuestra Señora del Rosario de Caá Catí',7),(2686,'Nueva California',13),(2549,'Nueva Ciudad',13),(2772,'Nueva Delicia',14),(1972,'Nueva Escocia',8),(3932,'Nueva Esperanza',21),(3974,'Nueva Francia',21),(3362,'Nueva Galia',19),(3476,'Nueva Lehmann',1),(726,'Nueva Plata',2),(936,'Nueva Pompeya',2),(1152,'Nueva Pompeya',4),(1337,'Nueva Pompeya',24),(4073,'Nueva Trinidad',23),(2007,'Nueva Vizcaya',8),(2261,'Nuevo Pirquitas',10),(3632,'Nuevo Torino',1),(920,'Nuñez',2),(1321,'Nuñez',24),(497,'O\'Higgins',2),(2853,'Oasis',14),(2838,'Oberá',14),(1646,'Obispo Trejo',6),(791,'Obligado',2),(822,'Ochandío',2),(2227,'Ocloyas',10),(2923,'Octavio Pico',15),(2417,'Ojeda',11),(3045,'Ojos de Agua',16),(2312,'Olacapato',10),(3164,'Olacapato',17),(1388,'Olaeta',6),(2304,'Olaroz Chico',10),(420,'Olascoaga',2),(707,'Olavarría',2),(2805,'Olegario V. Andrade',14),(429,'Oliden',2),(1804,'Oliva',6),(1501,'Olivares de San Nicolás',6),(651,'Olivera',2),(3592,'Oliveros',1),(342,'Olivos',2),(2515,'Olpas',12),(2506,'Olta',12),(1470,'Onagoity',6),(1681,'Oncativo',6),(213,'Open Door',2),(2299,'Oratorio',10),(1851,'Ordoñez',6),(450,'Ordoqui',2),(866,'Orense',2),(477,'Oriente',2),(2067,'Oro Verde',8),(2262,'Orosmayo',10),(271,'Ostende',2),(1973,'Osvaldo Magnasco',8),(331,'Pablo Podestá',2),(3140,'Pacará',17),(4022,'Pacará',23),(1516,'Pacheco de Melo',6),(3127,'Padre Lozano',17),(2470,'Pagancillo',12),(2300,'Paicone',10),(3695,'Palacios',1),(2232,'Palca de Aparzo',10),(2239,'Palca de Varas',10),(921,'Palermo',2),(1322,'Palermo',24),(2170,'Palma Sola',9),(2288,'Palma Sola',10),(1883,'Palmar Grande',7),(2579,'Palmira',13),(1108,'Palo Blanco',3),(1070,'Palo Labrado',3),(3958,'Palo Negro',21),(2177,'Palo Santo',9),(969,'Palo Seco',3),(2278,'Palos Blancos',10),(2190,'Palpalá',10),(1168,'Pampa Almirón',4),(976,'Pampa Blanca',3),(2218,'Pampa Blanca',10),(3867,'Pampa de los Guanacos',21),(1169,'Pampa del Indio',4),(1118,'Pampa del Infierno',4),(1134,'Pampa Landriel',4),(3218,'Pampa Vieja',18),(1805,'Pampayasta Norte',6),(1806,'Pampayasta Sud',6),(2329,'Pampichuela',10),(1695,'Panaholma',6),(2839,'Panambí',14),(2841,'Panambi Kilómetro 15',14),(2840,'Panambí Kilómetro 8',14),(2566,'Panquehuá',13),(3343,'Papagayos',19),(1908,'Parada Acuña',7),(1909,'Parada Labougle',7),(520,'Parada Orlando',2),(1911,'Parada Pucheta',7),(74,'Parada Robles',2),(521,'Parada Robles - Pavón',2),(2863,'Paraíso',14),(3813,'Paraje 29',1),(2998,'Paraje Arroyón (Bajo San Cayetano)',16),(3596,'Paraje Chaco Chico',1),(3613,'Paraje La Costa',1),(1991,'Paraje La Virgen',8),(3571,'Paraje San Manuel',1),(2068,'Paraná',8),(619,'Pardo',2),(2676,'Pareditas',13),(2408,'Parera',11),(935,'Parque Avellaneda',2),(1336,'Parque Avellaneda',24),(1403,'Parque Calmayo',6),(912,'Parque Chacabuco',2),(1313,'Parque Chacabuco',24),(927,'Parque Chas',2),(1328,'Parque Chas',24),(1365,'Parque Norte',6),(1444,'Parque Norte - Ciudad de los Niños - Guiñazú Norte',6),(939,'Parque Patricios',2),(1340,'Parque Patricios',24),(1852,'Pascanas',6),(1487,'Pasco',6),(489,'Pasman',2),(2925,'Paso Aguerre',15),(2978,'Paso Córdova',16),(1278,'Paso de Indios',5),(2115,'Paso de la Laguna',8),(1917,'Paso de la Patria',7),(1912,'Paso de los Libres',7),(1517,'Paso del Durazno',6),(242,'Paso del Rey',2),(1272,'Paso del Sapo',5),(3396,'Paso Grande',19),(1458,'Paso Viejo',6),(634,'Pasteur',2),(2027,'Pastor Britos',8),(2313,'Pastos Chicos',10),(3919,'Patay',21),(928,'Paternal',2),(1329,'Paternal',24),(2521,'Patquía',12),(702,'Patricios',2),(408,'Paula',2),(2242,'Paulina',10),(3508,'Pavón',1),(75,'Pavón',2),(3517,'Pavón Arriba',1),(3108,'Payogasta',17),(465,'Pearson',2),(1974,'Pedernal',8),(3293,'Pedernal',18),(880,'Pedernales',2),(3748,'Pedro Gómez Cello',1),(892,'Pedro Luro',2),(2553,'Pedro Molina',13),(1930,'Pedro R. Fernández',7),(727,'Pehuajó',2),(731,'Pellegrini',2),(3014,'Península Ruca Co',16),(2640,'Perdriel',13),(34,'Pereyra',2),(3677,'Pérez',1),(769,'Pérez Millán',2),(741,'Pergamino',2),(2219,'Perico',10),(3421,'Perito Moreno',20),(2372,'Perú',11),(1873,'Perugorría',7),(3503,'Peyrano',1),(2602,'Phillips',13),(3784,'Piamonte',1),(3181,'Pichanal',17),(2409,'Pichi Huinca',11),(3051,'Pichi Mahuida',16),(584,'Pichincha',2),(3406,'Pico Truncado',20),(2926,'Picún Leufú',15),(3243,'Pie de Palo',18),(2885,'Piedra del Águila',15),(4006,'Piedrabuena',23),(2038,'Piedras Blancas',8),(585,'Piedritas',2),(2279,'Piedritas',10),(640,'Pieres',2),(797,'Pigüé',2),(747,'Pila',2),(2184,'Pila Pardo',10),(3628,'Pilar',1),(262,'Pilar',2),(1682,'Pilar',6),(3059,'Pilcaniyeu',16),(3080,'Pilquiniyeu',16),(3060,'Pilquiniyeu del Limay',16),(2789,'Piñalito Norte',14),(2864,'Piñalito Sur',14),(272,'Pinamar',2),(1471,'Pincén',6),(2466,'Pinchas',12),(2740,'Pindapoy',14),(3674,'Piñero',1),(15,'Piñeyro',2),(742,'Pinzón',2),(763,'Pipinas',2),(3094,'Piquete Cabado',17),(1647,'Piquillín',6),(3141,'Piquirenda',17),(2152,'Pirané',9),(2826,'Piray Kilómetro 18',14),(409,'Pirovano',2),(3250,'Pismanta',18),(2497,'Pituil',12),(368,'Pla',2),(35,'Plátanos',2),(228,'Playa Dorada',2),(1279,'Playa Magagna',5),(1280,'Playa Unión',5),(3062,'Playas Doradas',16),(3466,'Plaza Clucellas',1),(1648,'Plaza de Mercedes',6),(2896,'Plaza Huincul',15),(1747,'Plaza Luxardo',6),(3626,'Plaza Matilde',1),(3493,'Plaza Saguier',1),(1749,'Plaza San Francisco',6),(2498,'Plaza Vieja',12),(553,'Plomer',2),(2892,'Plottier',15),(3186,'Pluma de Pato',17),(2703,'Pobre Diablo',13),(2475,'Polco',12),(978,'Polcos',3),(802,'Polvaredas',2),(2612,'Polvaredas',13),(1077,'Pomán',3),(1045,'Pomancillo Este',3),(1046,'Pomancillo Oeste',3),(2949,'Pomona',16),(549,'Pontaut',2),(236,'Pontevedra',2),(1750,'Porteña',6),(2507,'Portezuelo',12),(2165,'Portón Negro',9),(526,'Porvenir',2),(2765,'Posadas',14),(2764,'Posadas (Extensión)',14),(3210,'Poscaya',17),(2154,'Posta Cambio Zalazar',9),(3394,'Potrerillo',19),(2641,'Potrerillos',13),(1778,'Potrero de Garay',6),(3375,'Potrero de los Funes',19),(3933,'Pozo Betbeder',21),(3653,'Pozo Borrado',1),(3802,'Pozo de los Indios',1),(2127,'Pozo de Maza',9),(979,'Pozo del Mistol',3),(1683,'Pozo del Molle',6),(2128,'Pozo del Mortero',9),(2155,'Pozo del Tigre',9),(3902,'Pozo Hondo',21),(1792,'Pozo Nuevo',6),(2952,'Pozo Salado',16),(3944,'Pozuelos',21),(3035,'Prahuaniyeu',16),(1180,'Presidencia de la Plaza',4),(1170,'Presidencia Roca',4),(1128,'Presidencia Roque Sáenz Peña',4),(263,'Presidente Derqui',2),(750,'Presidente Perón',2),(3426,'Presidente Roca',1),(2540,'Presidente Sarmiento',13),(3145,'Profesor Salvador Mazza',17),(2757,'Profundidad',14),(3638,'Progreso',1),(2103,'Pronunciamiento',8),(3623,'Providencia',1),(758,'Puán',2),(3584,'Pueblo Andino',1),(2069,'Pueblo Bellocq (Las Garzas)',8),(2070,'Pueblo Brugo',8),(1957,'Pueblo Cazes',8),(1649,'Pueblo Comechingones',6),(834,'Pueblo Doyle',2),(3656,'Pueblo Esther',1),(2028,'Pueblo General Belgrano',8),(2071,'Pueblo General San Martín',8),(459,'Pueblo Gouin',2),(2749,'Pueblo Illia',14),(4054,'Pueblo Independencia',23),(1853,'Pueblo Italiano',6),(2189,'Pueblo Ledesma',10),(1877,'Pueblo Libertador',7),(1958,'Pueblo Liebig\'s',8),(3475,'Pueblo Marini',1),(1950,'Pueblo Moreno',8),(3667,'Pueblo Muñóz',1),(614,'Pueblo Nuevo',2),(2775,'Pueblo Nuevo',14),(3916,'Pueblo Pablo Torelo',21),(615,'Pueblo San Jorge',2),(3801,'Pueblo Santa Lucía',1),(3681,'Pueblo Uranga',1),(3148,'Pueblo Viejo',17),(2362,'Puelches',11),(2395,'Puelén',11),(3004,'Puente Cero',16),(2597,'Puente de Hierro',13),(2615,'Puente del Inca',13),(2289,'Puente Lavayén',10),(2323,'Puerta de Colorados',10),(1022,'Puerta de Corral Quemado',3),(1023,'Puerta de San José',3),(2786,'Puerto Andresito',14),(3724,'Puerto Aragón',1),(3975,'Puerto Argentino',22),(3672,'Puerto Arroyo Seco',1),(1125,'Puerto Bermejo Nuevo',4),(1126,'Puerto Bermejo Viejo',4),(2787,'Puerto Deseado',14),(3405,'Puerto Deseado',20),(2797,'Puerto Esperanza',14),(1127,'Puerto Eva Perón',4),(3773,'Puerto General San Martín',1),(2795,'Puerto Iguazú',14),(1992,'Puerto Las Cuevas',8),(2818,'Puerto Leoni',14),(2794,'Puerto Libertad',14),(929,'Puerto Madero',2),(1330,'Puerto Madero',24),(2776,'Puerto Mado',14),(1230,'Puerto Madryn',5),(2171,'Puerto Pilcomayo',9),(2777,'Puerto Pinares',14),(1231,'Puerto Pirámides',5),(2829,'Puerto Piray',14),(3578,'Puerto Reconquista',1),(2812,'Puerto Rico',14),(2016,'Puerto Ruiz',8),(3068,'Puerto San Antonio Este',16),(3422,'Puerto San Julián',20),(2758,'Puerto Santa Ana',14),(3401,'Puerto Santa Cruz',20),(1163,'Puerto Tirol',4),(1190,'Puerto Vilelas',4),(1975,'Puerto Yeruá',8),(1661,'Puesto de Castro',6),(3854,'Puesto de San Antonio',21),(2202,'Puesto del Marquéz',10),(2314,'Puesto Sey',10),(2220,'Puesto Viejo',10),(3769,'Pujato',1),(2340,'Pumahuasi',10),(51,'Punta Alta',2),(3065,'Punta Colorada',16),(1091,'Punta de Balasto',3),(2501,'Punta de los Llanos',12),(2613,'Punta de Vacas',13),(1807,'Punta del Agua',6),(2704,'Punta del Agua',13),(3291,'Punta del Médano',18),(764,'Punta Indio',2),(58,'Punta Lara',2),(98,'Punta Mogotes',2),(2324,'Purmamarca',10),(1751,'Quebracho Herrado',6),(2203,'Quebraleña',10),(2425,'Quehué',11),(2401,'Quemú Quemú',11),(809,'Quenumá',2),(249,'Quequén',2),(2204,'Quera',10),(2404,'Quetrequén',11),(2930,'Quili Malal',15),(1502,'Quilino',6),(281,'Quilmes',2),(282,'Quilmes Oeste',2),(3924,'Quimili',21),(3321,'Quines',19),(1232,'Quintas El Mirador',5),(3274,'Quinto Cuartel',18),(1060,'Quirós',3),(1184,'Quitilipi',4),(1250,'Rada Tilly',5),(11,'Rafael Calzada',2),(159,'Rafael Castillo',2),(1779,'Rafael García',6),(785,'Rafael Obligado',2),(3472,'Rafaela',1),(2705,'Rama Caída',13),(1887,'Ramada Paso',7),(770,'Ramallo',2),(3749,'Ramayón',1),(1061,'Ramblones',3),(3937,'Ramírez de Velazco',21),(507,'Ramón Biaus',2),(1854,'Ramón J. Cárcano',6),(2933,'Ramón M. Castro',15),(690,'Ramón Santamarina',2),(3473,'Ramona',1),(160,'Ramos Mejía',2),(389,'Ramos Otero',2),(743,'Rancagua',2),(4018,'Ranchillos',23),(557,'Ranchos',2),(2410,'Rancul',11),(36,'Ranelagh',2),(1472,'Ranqueles',6),(3931,'Rapelli',21),(773,'Rauch',2),(498,'Rawson',2),(1281,'Rawson',5),(3225,'Rawson',18),(1662,'Rayo Cortado',6),(2706,'Real del Padre',13),(3830,'Real Sayana',21),(2418,'Realicó',11),(697,'Recalde',2),(3089,'Recaredo',17),(902,'Recoleta',2),(1303,'Recoleta',24),(3560,'Reconquista',1),(3609,'Recreo',1),(1062,'Recreo',3),(2666,'Reducción de Abajo',13),(2402,'Relmo',11),(332,'Remedios de Escalada',2),(171,'Remedios de Escalada de San Martín',2),(3342,'Renca',19),(1233,'Reserva Area Protegida El Doradillo',5),(1191,'Resistencia',4),(350,'Reta',2),(901,'Retiro',2),(1302,'Retiro',24),(2172,'Riacho He-He',9),(2173,'Riacho Negro',9),(1866,'Riachuelo',7),(317,'Ricardo Rojas',2),(3768,'Ricardone',1),(1078,'Rincón',3),(1684,'Rincón',6),(2741,'Rincón de Azara',14),(2922,'Rincón de los Sauces',15),(318,'Rincón de Milberg',2),(3431,'Rincón Norte',1),(3605,'Rincón Potrero',1),(2263,'Rinconada',10),(2205,'Rinconadillas',10),(190,'Ringuelet',2),(1563,'Río Bamba',6),(2191,'Río Blanco',10),(1437,'Río Ceballos',6),(3043,'Río Chico',16),(4064,'Río Chico',23),(3047,'Río Colorado',16),(4040,'Río Colorado',23),(1618,'Río Cuarto',6),(1404,'Río de los Sauces',6),(3103,'Río del Valle',17),(3416,'Río Gallegos',20),(3976,'Río Grande',22),(1289,'Río Mayo',5),(1119,'Río Muerto',4),(1295,'Río Pico',5),(3172,'Río Piedras',17),(1650,'Río Primero',6),(4058,'Río Seco',23),(1685,'Río Segundo',6),(835,'Río Tala',2),(1808,'Río Tercero',6),(2964,'Río Villegas',16),(3331,'Riocito',19),(2667,'Rivadavia',13),(3191,'Rivadavia',17),(3278,'Rivadavia',18),(359,'Rivera',2),(786,'Roberto Cano',2),(264,'Roberto de Vicenzo',2),(657,'Roberto J. Payró',2),(635,'Roberts',2),(2854,'Roca Chica',14),(2104,'Rocamora',8),(2280,'Rodeito',10),(3251,'Rodeo',18),(2550,'Rodeo de la Cruz',13),(3946,'Rodeo de Valdez',21),(2649,'Rodeo del Medio',13),(2240,'Rodero',10),(2603,'Rodríguez Peña',13),(286,'Rojas',2),(3778,'Roldán',1),(2342,'Rolón',11),(3719,'Romang',1),(778,'Roosevelt',2),(790,'Roque Pérez',2),(1564,'Rosales',6),(3598,'Rosario',1),(3196,'Rosario de la Frontera',17),(3201,'Rosario de Lerma',17),(2281,'Rosario de Río Grande (ex Barro Negro)',10),(1827,'Rosario del Saladillo',6),(2094,'Rosario del Tala',8),(3415,'Rospentek',20),(3914,'Roversi',21),(2360,'Rucanelo',11),(3516,'Rueda',1),(3544,'Rufino',1),(191,'Rufino de Elizalde',2),(2813,'Ruiz de Montoya',14),(3627,'Sa Pereyra',1),(798,'Saavedra',2),(1298,'Saavedra',24),(1752,'Sacanta',6),(3820,'Sachayoj',21),(3066,'Saco Viejo',16),(333,'Sáenz Peña',2),(605,'Saforcada',2),(1651,'Sagrada Familia',6),(1541,'Saira',6),(1914,'Saladas',7),(3522,'Saladero Mariano Cabal',1),(1542,'Saladillo',6),(3332,'Saladillo',19),(513,'Salazar',2),(1438,'Saldán',6),(2448,'Salicas',12),(2524,'Salicas - San Blas',12),(3376,'Salinas del Bebedero',19),(810,'Salliqueló',2),(1554,'Salsacate',6),(1363,'Salsipuedes',6),(3084,'Salta',17),(808,'Salto',2),(3052,'Salto Andersen',16),(2707,'Salto de las Rosas',13),(2751,'Salto Encantado',14),(3587,'Salto Grande',1),(647,'Salvador María',2),(430,'Samborombón',2),(1619,'Sampacho',6),(1192,'Samuhú',4),(3629,'San Agustín',1),(390,'San Agustín',2),(1405,'San Agustín',6),(3116,'San Agustín',17),(2814,'San Alberto',14),(4017,'San Andrés',23),(814,'San Andrés de Giles',2),(3467,'San Antonio',1),(959,'San Antonio',3),(1890,'San Antonio',7),(2264,'San Antonio',10),(2435,'San Antonio',12),(2788,'San Antonio',14),(819,'San Antonio de Areco',2),(1583,'San Antonio de Arredondo',6),(1855,'San Antonio de Litín',6),(3165,'San Antonio de los Cobres',17),(3561,'San Antonio de Obligado',1),(237,'San Antonio de Padua',2),(3067,'San Antonio Oeste',16),(1620,'San Basilio',6),(2072,'San Benito',8),(3646,'San Bernardo',1),(149,'San Bernardo',2),(1179,'San Bernardo',4),(2454,'San Blas',12),(1891,'San Carlos',7),(2678,'San Carlos',13),(3204,'San Carlos',17),(3640,'San Carlos Centro',1),(2934,'San Carlos de Bariloche',16),(410,'San Carlos de Bolívar',2),(1549,'San Carlos Minas',6),(3625,'San Carlos Norte',1),(3631,'San Carlos Sud',1),(823,'San Cayetano',2),(1867,'San Cayetano',7),(1780,'San Clemente',6),(608,'San Clemente del Tuyú',2),(1918,'San Cosme',7),(3714,'San Cristóbal',1),(915,'San Cristóbal',2),(1316,'San Cristóbal',24),(3554,'San Eduardo',1),(576,'San Emilio',2),(881,'San Enrique',2),(721,'San Esteban',2),(1584,'San Esteban',6),(3727,'San Eugenio',1),(3745,'San Fabián',1),(3199,'San Felipe',17),(288,'San Fernando',2),(1038,'San Fernando del Valle de Catamarca',3),(1753,'San Francisco',6),(2330,'San Francisco',10),(2206,'San Francisco de Alfarcito',10),(2871,'San Francisco de Asís',14),(867,'San Francisco de Bellocq',2),(2139,'San Francisco de Laishi',9),(3527,'San Francisco de Santa Fe',1),(1793,'San Francisco del Chañar',6),(2541,'San Francisco del Monte',13),(3319,'San Francisco del Monte de Oro',19),(12,'San Francisco Solano',2),(3729,'San Genaro',1),(3744,'San Genaro Norte',1),(759,'San Germán',2),(1555,'San Gerónimo',6),(2819,'San Gotardo',14),(3553,'San Gregorio',1),(3710,'San Guillermo',1),(2039,'San Gustavo',8),(2135,'San Hilario',9),(2855,'San Ignacio',14),(1406,'San Ignacio (Loteo San Javier)',6),(1353,'San Ignacio (Loteo Vélez Crespo)',6),(295,'San Isidro',2),(980,'San Isidro',3),(2221,'San Isidro',10),(3262,'San Isidro',18),(1999,'San Jaime de la Frontera',8),(3716,'San Javier',1),(2862,'San Javier',14),(2948,'San Javier',16),(1711,'San Javier y Yacanto',6),(3384,'San Jerónimo',19),(3630,'San Jerónimo del Sauce',1),(3641,'San Jerónimo Norte',1),(3764,'San Jerónimo Sud',1),(1565,'San Joaquín',6),(3796,'San Jorge',1),(13,'San José',2),(960,'San José',3),(1712,'San José',6),(1939,'San José',8),(2194,'San José',10),(2552,'San José',13),(2742,'San José',14),(965,'San José Banda',3),(2009,'San José de Feliciano',8),(3259,'San José de Jáchal',18),(4039,'San José de La Cocha',23),(1828,'San José de la Dormida',6),(3447,'San José de la Esquina',1),(1829,'San José de las Salinas',6),(3171,'San José de Metán (Est. Metán)',17),(3168,'San José de Orquera',17),(3866,'San José del Boquerón',21),(3346,'San José del Morro',19),(3606,'San José del Rincón',1),(970,'San José Norte',3),(971,'San José Villa',3),(3239,'San Juan',18),(84,'San Juan Bautista',2),(2301,'San Juan de Oros',10),(2315,'San Juan de Quillaqués',10),(2222,'San Juancito',10),(3751,'San Justo',1),(161,'San Justo',2),(3766,'San Lorenzo',1),(1696,'San Lorenzo',6),(1915,'San Lorenzo',7),(2283,'San Lucas',10),(3381,'San Luis',19),(1920,'San Luis del Palmar',7),(641,'San Manuel',2),(1856,'San Marcos',6),(3212,'San Marcos',17),(1459,'San Marcos Sierra',6),(3633,'San Mariano',1),(1035,'San Martín',3),(1697,'San Martín',6),(2580,'San Martín',13),(2843,'San Martín',14),(3395,'San Martín',19),(3787,'San Martín de las Escobas',1),(2902,'San Martín de los Andes',15),(2156,'San Martín I',9),(2157,'San Martín II',9),(3752,'San Martín Norte',1),(779,'San Mauricio',2),(868,'San Mayol',2),(300,'San Miguel',2),(1079,'San Miguel',3),(1926,'San Miguel',7),(2431,'San Miguel',12),(2815,'San Miguel',14),(4068,'San Miguel de Tucumán',23),(676,'San Miguel del Monte',2),(914,'San Nicolás',2),(2484,'San Nicolás',12),(1315,'San Nicolás',24),(306,'San Nicolás de los Arroyos',2),(1036,'San Pablo',3),(3341,'San Pablo',19),(2186,'San Pablo de Reyes',10),(2883,'San Patricio del Chañar',15),(836,'San Pedro',2),(1037,'San Pedro',3),(1698,'San Pedro',6),(2000,'San Pedro',8),(2284,'San Pedro',10),(2467,'San Pedro',12),(2865,'San Pedro',14),(3860,'San Pedro',21),(4084,'San Pedro de Colalao',23),(1663,'San Pedro de Gütemberg',6),(1503,'San Pedro de Toyos',6),(1830,'San Pedro Norte',6),(2581,'San Rafael',13),(2001,'San Ramón',8),(3180,'San Ramón de la Nueva Orán',17),(478,'San Román',2),(1585,'San Roque',6),(1931,'San Roque',7),(2650,'San Roque',13),(3315,'San Roque',19),(1373,'San Roque del Lago',6),(2084,'San Salvador',8),(2228,'San Salvador de Jujuy',10),(508,'San Sebastián',2),(1857,'San Severo',6),(930,'San Telmo',2),(1331,'San Telmo',24),(3474,'San Vicente',1),(308,'San Vicente',2),(1699,'San Vicente',6),(2793,'San Vicente',14),(2010,'San Víctor',8),(1488,'Sanabria',6),(3551,'Sancti Spiritu',1),(3444,'Sanford',1),(2486,'Sañogasta',12),(780,'Sansinena',2),(1919,'Santa Ana',7),(2002,'Santa Ana',8),(2331,'Santa Ana',10),(2760,'Santa Ana',14),(4066,'Santa Ana',23),(2207,'Santa Ana de la Puna',10),(2105,'Santa Anita',8),(1817,'Santa Catalina',6),(2302,'Santa Catalina',10),(1621,'Santa Catalina Holmberg',6),(2290,'Santa Clara',10),(2437,'Santa Clara',12),(3635,'Santa Clara de Buena Vista',1),(3495,'Santa Clara de Saguier',1),(229,'Santa Clara del Mar',2),(394,'Santa Coloma',2),(1115,'Santa Cruz',3),(2499,'Santa Cruz',12),(4072,'Santa Cruz',23),(230,'Santa Elena',2),(1654,'Santa Elena',6),(2040,'Santa Elena',8),(586,'Santa Eleodora',2),(1518,'Santa Eufemia',6),(3597,'Santa Fe',1),(2485,'Santa Florentina',12),(3550,'Santa Isabel',1),(2363,'Santa Isabel',11),(837,'Santa Lucía',2),(1896,'Santa Lucía',7),(3226,'Santa Lucía',18),(4061,'Santa Lucía',23),(708,'Santa Luisa',2),(1473,'Santa Magdalena',6),(3652,'Santa Margarita',1),(491,'Santa María',2),(1093,'Santa María',3),(2769,'Santa María',14),(3183,'Santa María',17),(3855,'Santa María',21),(2668,'Santa María de Oro',13),(1586,'Santa María de Punilla',6),(1351,'Santa Mónica',6),(587,'Santa Regina',2),(2872,'Santa Rita',14),(2516,'Santa Rita de Catuna',12),(437,'Santa Rosa',2),(981,'Santa Rosa',3),(1869,'Santa Rosa',7),(2350,'Santa Rosa',11),(2719,'Santa Rosa',13),(3190,'Santa Rosa',17),(1352,'Santa Rosa de Calamuchita',6),(3519,'Santa Rosa de Calchines',1),(4042,'Santa Rosa de Leales',23),(3163,'Santa Rosa de los Pastos Grandes',17),(1652,'Santa Rosa de Río Primero',6),(3374,'Santa Rosa del Conlara',19),(1138,'Santa Sylvina',4),(3515,'Santa Teresa',1),(265,'Santa Teresa',2),(2376,'Santa Teresa',11),(151,'Santa Teresita',2),(609,'Santa Teresita - Mar del Tuyú',2),(492,'Santa Trinidad',2),(2468,'Santa Vera Cruz',12),(3209,'Santa Victoria',17),(3187,'Santa Victoria Este',17),(2780,'Santiago de Liniers',14),(3864,'Santiago del Estero',21),(1686,'Santiago Temple',6),(3634,'Santo Domingo',1),(661,'Santo Domingo',2),(2500,'Santo Domingo',12),(3935,'Santo Domingo',21),(2857,'Santo Pipó',14),(2886,'Santo Tomás',15),(3607,'Santo Tomé',1),(1935,'Santo Tomé',7),(334,'Santos Lugares',2),(3823,'Santos Lugares',21),(2208,'Santuario de Tres Pozos',10),(3707,'Santurce',1),(2368,'Sarah',11),(16,'Sarandí',2),(466,'Sarasa',2),(3514,'Sargento Cabral',1),(4057,'Sargento Moya',23),(3032,'Sargento Vidal',16),(3579,'Sarmiento',1),(1291,'Sarmiento',5),(1818,'Sarmiento',6),(3781,'Sastre',1),(1754,'Saturnino María Laspiur',6),(1936,'Sauce',7),(1700,'Sauce Arriba',6),(2008,'Sauce de Luna',8),(2073,'Sauce Montrull',8),(2074,'Sauce Pinto',8),(3429,'Sauce Viejo',1),(1080,'Saujil',3),(1664,'Sebastián Elcano',6),(3175,'Seclantás',17),(1755,'Seeber',6),(2075,'Seguí',8),(1408,'Segunda Usina',6),(3956,'Selva',21),(1171,'Selvas del Río de Oro',4),(2893,'Senillosa',15),(3526,'Serodino',1),(1566,'Serrano',6),(1460,'Serrezuela',6),(515,'Sevigne',2),(2449,'Shaqui',12),(709,'Sierra Chica',2),(3038,'Sierra Colorada',16),(104,'Sierra de los Padres',2),(3061,'Sierra Grande',16),(3069,'Sierra Pailemán',16),(253,'Sierras Bayas',2),(2564,'Sierras de Encalada',13),(2174,'Siete Palmas',9),(1081,'Siján',3),(3750,'Silva',1),(1489,'Silvio Pellico',6),(3973,'Simbol',21),(1819,'Simbolar',6),(3844,'Simbolar',21),(4074,'Simoca',23),(995,'Singuil',3),(1820,'Sinsacate',6),(2041,'Sir Leonard',8),(451,'Smith',2),(1781,'Socavones',6),(3930,'Sol de Julio',21),(787,'Sol de Mayo',2),(376,'Solanet',2),(1409,'Solar de los Molinos',6),(4056,'Soldado Maldonado',23),(3680,'Soldini',1),(3709,'Soledad',1),(815,'Solís',2),(2076,'Sosa',8),(2393,'Speluzzi',11),(3511,'Stephenson',1),(1946,'Strobel',8),(718,'Stroeder',2),(3688,'Suardi',1),(2158,'Subteniente Perín',9),(1622,'Suco',6),(840,'Suipacha',2),(982,'Sumalao',3),(3971,'Sumamao',21),(3940,'Sumampa',21),(3939,'Sumampa Viejo',21),(3494,'Sunchales',1),(3906,'Suncho Corral',21),(781,'Sundblad',2),(2450,'Suriyaco',12),(3468,'Susana',1),(2305,'Susques',10),(1861,'Tabay',7),(2077,'Tabossi',8),(1120,'Taco Pozo',4),(4033,'Taco Ralo',23),(3568,'Tacuarendí',1),(3463,'Tacural',1),(4076,'Tafí del Valle',23),(4082,'Tafí Viejo',23),(1556,'Tala Cañada',6),(1587,'Tala Huasi',6),(1550,'Talaini',6),(3161,'Talapampa',17),(3373,'Talita',19),(2502,'Tama',12),(642,'Tamangueyú',2),(3237,'Tamberías',18),(2209,'Tambillos',10),(1809,'Tancacha',6),(844,'Tandil',2),(1588,'Tanti',6),(846,'Tapalqué',2),(1913,'Tapebicuá',7),(162,'Tapiales',2),(1043,'Tapso',3),(3873,'Tapso',21),(2919,'Taquimilán',15),(3804,'Tartagal',1),(3131,'Tartagal',17),(2827,'Tarumá',14),(1870,'Tatacua',7),(2140,'Tatané',9),(1273,'Tecka',5),(402,'Tedín Uriburu',2),(1380,'Tejas Tres',6),(2385,'Telén',11),(3407,'Tellier',20),(1297,'Telsen',5),(202,'Temperley',2),(4053,'Teniente Berdina',23),(893,'Teniente Origone',2),(3548,'Teodelina',1),(3955,'Termas de Río Hondo',21),(2458,'Termas de Santa Teresita',12),(2229,'Tesorero',10),(2078,'Tezanos Pinto',8),(3512,'Theobald',1),(1490,'Ticino',6),(319,'Tigre',2),(2320,'Tilcara',10),(2487,'Tilimuqui',12),(3338,'Tilisarao',19),(3772,'Timbúes',1),(456,'Timote',2),(1440,'Tinoco',6),(1110,'Tinogasta',3),(3927,'Tintina',21),(1491,'Tío Pujio',6),(2421,'Toay',11),(3798,'Toba',1),(3128,'Tobantirenda',17),(2866,'Tobuna',14),(397,'Todd',2),(3166,'Tolar Grande',17),(1782,'Toledo',6),(3106,'Tolloche',17),(3111,'Tolombón',17),(192,'Tolosa',2),(2346,'Tomás M. Anchorena',11),(3893,'Tomás Young',21),(851,'Tornquist',2),(1756,'Toro Pujio',6),(652,'Torres',2),(3437,'Tortugas',1),(144,'Tortuguitas',2),(1531,'Tosno',6),(1623,'Tosquitas',6),(3655,'Tostado',1),(3594,'Totoras',1),(3783,'Traill',1),(3845,'Tramo 16',21),(3846,'Tramo 20',21),(3142,'Tranquitas',17),(1757,'Tránsito',6),(193,'Transradio',2),(2394,'Trebolares',11),(1282,'Trelew',5),(2424,'Trenel',11),(3039,'Treneta',16),(859,'Trenque Lauquen',2),(457,'Tres Algarrobos',2),(869,'Tres Arroyos',2),(2743,'Tres Capones',14),(2241,'Tres Cruces',10),(871,'Tres de Febrero',2),(1172,'Tres Isletas',4),(3419,'Tres Lagos',20),(2166,'Tres Lagunas',9),(873,'Tres Lomas',2),(852,'Tres Picos',2),(2688,'Tres Porteñas',13),(460,'Tres Sargentos',2),(1258,'Trevelín',5),(2899,'Tricao Malal',15),(81,'Tristán Suárez',2),(636,'Triunvirato',2),(316,'Troncos del Talar',2),(860,'Trongé',2),(243,'Trujui',2),(1461,'Tuclame',6),(3252,'Tudcum',18),(2325,'Tumbaya',10),(2725,'Tunuyán',13),(3307,'Tupelí',18),(2583,'Tupungato',13),(203,'Turdera',2),(2210,'Tusaquillas',10),(2451,'Tuyubil',12),(1960,'Ubajay',8),(1519,'Ucacha',6),(377,'Udaquiola',2),(2642,'Ugarteche',13),(2517,'Ulapes',12),(2430,'Unanué',11),(3349,'Unión',19),(1441,'Unquillo',6),(2231,'Uquía',10),(411,'Urdampilleta',2),(2029,'Urdinarrain',8),(438,'Uribelarrea',2),(2351,'Uriburu',11),(3182,'Urundel',17),(3870,'Urutaú',21),(3977,'Ushuaia',22),(3297,'Usno',18),(2614,'Uspallata',13),(1355,'Va.Ciudad Pque.Los Reartes (1° Sección)',6),(1356,'Va.Ciudad Pque.Los Reartes (3° Sección)',6),(131,'Va.María Irene de los Remedios Escalada',2),(132,'Va.Marqués Alejandro María de Aguado',2),(3886,'Vaca Huañuna',21),(2129,'Vaca Perdida',9),(3071,'Valcheta',16),(882,'Valdés',2),(172,'Valentín Alsina',2),(273,'Valeria del Mar',2),(2976,'Valle Azul',16),(2332,'Valle Colorado',10),(1783,'Valle de Anisacate',6),(2327,'Valle Grande',10),(1589,'Valle Hermoso',6),(2778,'Valle Hermoso',14),(3244,'Vallecito',18),(3151,'Vaqueros',17),(2914,'Varvarco',15),(364,'Vásquez',2),(625,'Vedia',2),(940,'Vélez Sarsfield',2),(1341,'Vélez Sarsfield',24),(847,'Velloso',2),(3538,'Venado Tuerto',1),(1139,'Venados Grandes',4),(3808,'Vera',1),(3758,'Vera y Pintado',1),(765,'Verónica',2),(941,'Versalles',2),(1342,'Versalles',24),(2369,'Vértiz',11),(2079,'Viale',8),(1858,'Viamonte',6),(439,'Vicente Casares',2),(343,'Vicente López',2),(2488,'Vichigasta',12),(289,'Victoria',2),(2111,'Victoria',8),(2389,'Victorica',11),(1624,'Vicuña Mackenna',6),(3760,'Videla',1),(2950,'Viedma',16),(658,'Vieytes',2),(3461,'Vila',1),(3907,'Vilelas',21),(1044,'Vilismán',3),(3222,'Villa Aberastain',18),(3271,'Villa Aberastain - La Rinconada',18),(1941,'Villa Adela',8),(3428,'Villa Adelina',1),(296,'Villa Adelina',2),(2816,'Villa Akerman',14),(3015,'Villa Alberdi',16),(711,'Villa Alfredo Fortabat',2),(1442,'Villa Allende',6),(1410,'Villa Alpina',6),(395,'Villa Alsina',2),(1411,'Villa Amancay',6),(3659,'Villa Amelia',1),(3572,'Villa Ana',1),(1175,'Villa Angela',4),(744,'Villa Angélica',2),(2606,'Villa Antigua',13),(43,'Villa Argüello',2),(254,'Villa Arrieta',2),(1810,'Villa Ascasubi',6),(267,'Villa Astolfi',2),(3824,'Villa Atamisqui',21),(2710,'Villa Atuel',13),(2711,'Villa Atuel Norte',13),(114,'Villa Ayacucho',2),(115,'Villa Ballester',2),(3223,'Villa Barboza',18),(3273,'Villa Barboza - Villa Nacusi',18),(3230,'Villa Basilio Nievas',18),(2584,'Villa Bastias',13),(4036,'Villa Belgrano',23),(4011,'Villa Benjamín Aráoz',23),(1412,'Villa Berna',6),(116,'Villa Bernardo Monteagudo',2),(1193,'Villa Berthet',4),(3277,'Villa Bolaños (Médano de Oro)',18),(2842,'Villa Bonita',14),(26,'Villa Bordeau',2),(3229,'Villa Borjas',18),(3304,'Villa Borjas - La Chimbera',18),(335,'Villa Bosch',2),(87,'Villa Brown',2),(4003,'Villa Burruyacú',23),(403,'Villa Cacique',2),(2936,'Villa Campanario',16),(302,'Villa Campi',2),(3549,'Villa Cañás',1),(1665,'Villa Candelaria',6),(303,'Villa Canto',2),(1590,'Villa Carlos Paz',6),(4086,'Villa Carmela',23),(760,'Villa Castelar',2),(2512,'Villa Castelli',12),(2967,'Villa Catedral',16),(59,'Villa Catela',2),(204,'Villa Centenario',2),(3269,'Villa Centenario',18),(1443,'Villa Cerro Azul',6),(117,'Villa Chacabuco',2),(4069,'Villa Chicligasta',23),(1383,'Villa Ciudad de América',6),(1354,'Villa Ciudad Parque Los Reartes',6),(2116,'Villa Clara',8),(4065,'Villa Clodomiro Hileret',23),(1758,'Villa Concepción del Tío',6),(3513,'Villa Constitución',1),(2796,'Villa Cooperativa',14),(1427,'Villa Corazón de María',6),(1897,'Villa Córdoba',7),(118,'Villa Coronel José M. Zapiola',2),(933,'Villa Crespo',2),(1334,'Villa Crespo',24),(1701,'Villa Cura Brochero',6),(1072,'Villa de Balcozna',3),(3324,'Villa de la Quebrada',19),(1378,'Villa de las Rosas',6),(4045,'Villa de Leales',23),(1666,'Villa de María',6),(221,'Villa de Mayo',2),(1557,'Villa de Pocho',6),(3392,'Villa de Praga',19),(1462,'Villa de Soto',6),(4083,'Villa de Trancas',23),(3339,'Villa del Carmen',19),(2900,'Villa del Curi Leuvú',15),(1414,'Villa del Dique',6),(52,'Villa del Mar',2),(2912,'Villa del Nahueve',15),(904,'Villa del Parque',2),(3034,'Villa del Parque',16),(1305,'Villa del Parque',24),(3660,'Villa del Plata',1),(1384,'Villa del Prado',6),(1687,'Villa del Rosario',6),(2003,'Villa del Rosario',8),(3284,'Villa del Salvador',18),(1821,'Villa del Totoral',6),(1759,'Villa del Tránsito',6),(905,'Villa Devoto',2),(1306,'Villa Devoto',24),(44,'Villa Dolores',2),(983,'Villa Dolores',3),(1714,'Villa Dolores',6),(2117,'Villa Domínguez',8),(3281,'Villa Dominguito',18),(17,'Villa Domínico',2),(3280,'Villa Don Bosco',18),(164,'Villa Eduardo Madero',2),(1625,'Villa El Chacay',6),(2894,'Villa El Chocón',15),(1185,'Villa El Palmar',4),(3215,'Villa El Salvador',18),(3234,'Villa El Salvador - Villa Sefair',18),(1415,'Villa El Tala',6),(3306,'Villa El Tango',18),(194,'Villa Elisa',2),(1543,'Villa Elisa',6),(1961,'Villa Elisa',8),(3586,'Villa Eloísa',1),(3767,'Villa Elvira',1),(195,'Villa Elvira',2),(2141,'Villa Escolar',9),(37,'Villa España',2),(832,'Villa Esperanza',2),(816,'Villa Espil',2),(27,'Villa Espora',2),(4046,'Villa Fiad - Ingenio Leales',23),(3885,'Villa Figueroa',21),(205,'Villa Fiorito',2),(210,'Villa Flandria Norte',2),(211,'Villa Flandria Sur',2),(1591,'Villa Flor Serrana',6),(1653,'Villa Fontana',6),(2080,'Villa Fontana',8),(703,'Villa Fournier',2),(562,'Villa Francia',2),(1259,'Villa Futalaufquen',5),(196,'Villa Garibaldi',2),(2081,'Villa Gdor. Luis F. Etchevehere',8),(119,'Villa General Antonio J. de Sucre',2),(467,'Villa General Arias',2),(1416,'Villa General Belgrano',6),(120,'Villa General Eugenio Necochea',2),(2159,'Villa General Güemes',9),(121,'Villa General José Tomás Guido',2),(122,'Villa General Juan G. Las Heras',2),(2160,'Villa General Manuel Belgrano',9),(907,'Villa General Mitre',2),(3818,'Villa General Mitre',21),(1308,'Villa General Mitre',24),(3325,'Villa General Roca',19),(3233,'Villa General San Martín - Campo Afuera',18),(771,'Villa General Savio',2),(886,'Villa Gesell',2),(1592,'Villa Giardino',6),(3954,'Villa Giménez',21),(3687,'Villa Gobernador Gálvez',1),(141,'Villa Gobernador Udadondo',2),(123,'Villa Godoy Cruz',2),(124,'Villa Granaderos de San Martín',2),(125,'Villa Gregoria Matorras',2),(369,'Villa Grisolía',2),(3575,'Villa Guillermina',1),(1504,'Villa Gutiérrez',6),(1474,'Villa Huidobro',6),(3296,'Villa Ibáñez',18),(45,'Villa Independencia',2),(3245,'Villa Independencia',18),(761,'Villa Iris',2),(126,'Villa José León Suárez',2),(3469,'Villa Josefina',1),(127,'Villa Juan Martín de Pueyrredón',2),(2178,'Villa Kilómetro 213',9),(2906,'Villa La Angostura',15),(493,'Villa La Arcadia',2),(1786,'Villa La Bolsa',6),(284,'Villa La Florida',2),(3876,'Villa La Punta',21),(1417,'Villa La Rivera',6),(3580,'Villa La Rivera (Oliveros)',1),(3581,'Villa La Rivera (Pueblo Andino)',1),(712,'Villa La Serranía',2),(1715,'Villa La Viña',6),(1593,'Villa Lago Azul',6),(2903,'Villa Lago Meliquina',15),(391,'Villa Laguna La Brava',2),(3340,'Villa Larca',19),(1048,'Villa Las Pirquitas',3),(3608,'Villa Laura',1),(820,'Villa Lía',2),(128,'Villa Libertad',2),(2806,'Villa Libertad',14),(1948,'Villa Libertador San Martín',8),(3054,'Villa Llanquín',16),(2935,'Villa Llao Llao',16),(1787,'Villa Los Aromos',6),(1371,'Villa Los Llanos',6),(1445,'Villa Los Llanos - Juárez Celman',6),(1859,'Villa Los Patos',6),(916,'Villa Lugano',2),(1317,'Villa Lugano',24),(943,'Villa Luro',2),(1344,'Villa Luro',24),(165,'Villa Luzuriaga',2),(129,'Villa Lynch',2),(412,'Villa Lynch Pueyrredón',2),(3829,'Villa Mailín',21),(130,'Villa Maipú',2),(3258,'Villa Malvinas Argentinas',18),(2106,'Villa Mantero',8),(464,'Villa Manuel Pomar',2),(3016,'Villa Manzano',16),(360,'Villa Margarita',2),(370,'Villa María',2),(1492,'Villa María',6),(4080,'Villa Mariano Moreno - El Colmenar',23),(345,'Villa Martelli',2),(2966,'Villa Mascardi',16),(2459,'Villa Mazán',12),(3292,'Villa Media Agua',18),(3264,'Villa Mercedes',18),(3312,'Villa Mercedes',19),(3650,'Villa Minetti',1),(2403,'Villa Mirasol',11),(685,'Villa Moll',2),(197,'Villa Montoro',2),(3765,'Villa Mugueta',1),(3220,'Villa Nacusi',18),(46,'Villa Nueva',2),(1493,'Villa Nueva',6),(2554,'Villa Nueva',13),(3967,'Villa Nueva',21),(3574,'Villa Ocampo',1),(1494,'Villa Oeste',6),(3928,'Villa Ojo de Agua',21),(1892,'Villa Olivari',7),(371,'Villa Ortiz',2),(934,'Villa Ortúzar',2),(1335,'Villa Ortúzar',24),(4008,'Villa Padre Monti',23),(2032,'Villa Paranacito',8),(2828,'Villa Parodi',14),(287,'Villa Parque Cecir',2),(501,'Villa Parque Girado',2),(133,'Villa Parque Presidente Figueroa Alcorta',2),(134,'Villa Parque San Lorenzo',2),(1387,'Villa Parque Santa Ana',6),(198,'Villa Parque Sicardi',2),(1594,'Villa Parque Siquimán',6),(1369,'Villa Pastora',6),(2880,'Villa Pehuenia',15),(47,'Villa Porteña',2),(48,'Villa Progreso',2),(913,'Villa Pueyrredón',2),(1314,'Villa Pueyrredón',24),(1418,'Villa Quillinzo',6),(4059,'Villa Quinteros',23),(336,'Villa Raffo',2),(772,'Villa Ramallo',2),(944,'Villa Real',2),(1345,'Villa Real',24),(3980,'Villa Recaste',23),(1520,'Villa Reducción',6),(3033,'Villa Regina',16),(3348,'Villa Reynolds',19),(919,'Villa Riachuelo',2),(1320,'Villa Riachuelo',24),(304,'Villa Riccio',2),(1153,'Villa Río Bermejito',4),(3953,'Villa Río Hondo',21),(1595,'Villa Río Icho Cruz',6),(870,'Villa Rodríguez',2),(268,'Villa Rosa',2),(1567,'Villa Rossi',6),(563,'Villa Roth',2),(2779,'Villa Roulet',14),(817,'Villa Ruiz',2),(1419,'Villa Rumipal',6),(588,'Villa Saboya',2),(3963,'Villa Salavina',21),(3350,'Villa Salles',19),(3300,'Villa San Agustín',18),(135,'Villa San Andrés',2),(49,'Villa San Carlos',2),(1760,'Villa San Esteban',6),(1789,'Villa San Isidro',6),(2980,'Villa San Isidro',16),(3454,'Villa San José',1),(745,'Villa San José',2),(2519,'Villa San José de Vinchina',12),(2107,'Villa San Justo',8),(3112,'Villa San Lorenzo',17),(88,'Villa San Luis',2),(2108,'Villa San Marcial (Est. Gobernador Urquiza)',8),(3282,'Villa San Martín',18),(3912,'Villa San Martín (Est. Loreto)',21),(1350,'Villa San Miguel',6),(2525,'Villa Sanagasta',12),(1596,'Villa Santa Cruz del Lago',6),(908,'Villa Santa Rita',2),(1309,'Villa Santa Rita',24),(89,'Villa Santa Rosa',2),(3305,'Villa Santa Rosa',18),(137,'Villa Santos Tesei',2),(3692,'Villa Saralegui',1),(247,'Villa Sarmiento',2),(1475,'Villa Sarmiento',6),(589,'Villa Sauze',2),(3214,'Villa Sefair',18),(3970,'Villa Silípica',21),(923,'Villa Soldati',2),(1324,'Villa Soldati',24),(3231,'Villa Tacú',18),(3983,'Villa Tercera',23),(2651,'Villa Teresa',13),(2907,'Villa Traful',15),(3693,'Villa Trinidad',1),(2628,'Villa Tulumaya',13),(1831,'Villa Tulumba',6),(2439,'Villa Unión',12),(3913,'Villa Unión',21),(899,'Villa Urquiza',2),(2082,'Villa Urquiza',8),(1300,'Villa Urquiza',24),(2817,'Villa Urrutia',14),(1476,'Villa Valeria',6),(90,'Villa Vatteone',2),(854,'Villa Ventana',2),(1024,'Villa Vil',3),(1420,'Villa Yacanto',6),(109,'Villa Yapeyú',2),(1944,'Villa Zorraquín',8),(50,'Villa Zula',2),(3448,'Villada',1),(2118,'Villaguay',8),(719,'Villalonga',2),(558,'Villanueva',2),(3925,'Vilmer',21),(398,'Viña',2),(2291,'Vinalito',10),(3947,'Vinará',21),(3470,'Virginia',1),(166,'Virrey del Pino',2),(290,'Virreyes',2),(2897,'Vista Alegre Norte',15),(2895,'Vista Alegre Sur',15),(2726,'Vista Flores',13),(2572,'Vistalba',13),(669,'Vivoratá',2),(2326,'Volcán',10),(3862,'Vuelta de la Barranca',21),(421,'Warnes',2),(1626,'Washington',6),(3922,'Weisburd',21),(1860,'Wenceslao Escalante',6),(3552,'Wheelwright',1),(1154,'Wichi',4),(18,'Wilde',2),(3795,'Wildermuth',1),(138,'William C. Morris',2),(2356,'Winifreda',11),(2049,'XX de Setiembre',8),(3412,'Yacimientos Río Turbio',20),(2193,'Yacoraite',10),(3146,'Yacuy',17),(1864,'Yahapé',7),(2187,'Yala',10),(1268,'Yala Laubat',5),(3036,'Yaminué',16),(3852,'Yanda',21),(1094,'Yapes',3),(1924,'Yapeyú',7),(1898,'Yatayti Calle',7),(2195,'Yavi',10),(2341,'Yavi Chico',10),(4000,'Yerba Buena - Marcos Paz',23),(2303,'Yoscaba',10),(3908,'Yuchán',21),(2252,'Yuto',10),(3383,'Zanjitas',19),(2877,'Zapala',15),(1155,'Zaparinqui',4),(349,'Zárate',2),(577,'Zavalía',2),(3682,'Zavalla',1),(269,'Zelaya',2),(3455,'Zenón Pereyra',1),(677,'Zenón Videla Dorna',2);
INSERT INTO `precio` VALUES (11,'2025-08-11',385000.00,'BCR'),(12,'2025-08-10',340000.00,'AGD'),(13,'2025-08-12',390000.00,'BCR'),(15,'2025-08-13',390000.00,'BCR'),(16,'2025-08-14',384000.00,'BCR'),(17,'2025-08-18',380000.00,'BCR'),(23,'2025-08-19',380500.00,'BCR'),(24,'2025-08-20',385000.00,'BCR'),(25,'2025-08-21',390000.00,'BCR'),(26,'2025-08-22',392000.00,'BCR'),(27,'2025-08-25',400000.00,'BCR'),(33,'2025-08-26',400000.00,'BCR'),(34,'2025-08-27',394000.00,'BCR'),(35,'2025-08-28',387000.00,'BCR'),(36,'2025-08-29',389000.00,'BCR'),(37,'2025-09-01',395000.00,'BCR'),(38,'2025-09-02',400000.00,'BCR'),(39,'2025-09-03',395000.00,'BCR'),(40,'2025-09-04',400000.00,'BCR'),(41,'2025-09-05',400000.00,'BCR'),(42,'2025-09-08',410000.00,'BCR'),(43,'2025-09-09',415000.00,'BCR'),(44,'2025-09-10',420000.00,'BCR'),(45,'2025-09-11',425000.00,'BCR'),(46,'2025-09-12',435000.00,'BCR'),(47,'2025-09-15',440000.00,'BCR'),(48,'2025-09-16',440000.00,'BCR'),(49,'2025-09-17',440000.00,'BCR'),(50,'2025-09-18',440000.00,'BCR'),(51,'2025-09-19',439800.00,'BCR'),(52,'2025-09-22',505000.00,'BCR'),(53,'2025-09-23',493000.00,'BCR'),(54,'2025-09-24',461000.00,'BCR'),(55,'2025-09-25',449500.00,'BCR'),(56,'2025-09-26',453000.00,'BCR'),(57,'2025-09-29',475000.00,'BCR'),(58,'2025-09-30',480000.00,'BCR'),(59,'2025-10-01',495000.00,'BCR'),(60,'2025-10-02',499800.00,'BCR'),(61,'2025-10-03',495000.00,'BCR'),(63,'2025-10-06',495000.00,'BCR'),(93,'2025-10-07',494600.00,'BCR'),(94,'2025-10-08',494800.00,'BCR'),(95,'2025-10-09',499500.00,'BCR'),(96,'2025-10-13',464800.00,'BCR'),(97,'2025-10-14',464000.00,'BCR'),(98,'2025-10-15',470000.00,'BCR'),(99,'2025-10-16',470000.00,'BCR'),(100,'2025-10-20',380000.00,'AGD'),(101,'2025-10-17',480000.00,'BCR'),(102,'2025-10-20',475000.00,'BCR');
